Store Name,Full Address,ZIP Code,Town
Aachtal,"Schrofenstrasse 19, 8580 Amriswil",8580,Amriswil
Aadorf,"Bahnhofstrasse 2, 8355 Aadorf",8355,Aadorf
Aarau,"Bahnhofplatz 4, 5000 Aarau",5000,Aarau
Aarau - Igelweid,"Igelweid 18, 5000 Aarau",5000,Aarau
Aarau Bahnhof,"Bahnhofplatz 3h, 5000 Aarau",5000,Aarau
Aathal Outlet,"Zürichstrasse 15, 8607 Aathal-Seegräben",8607,Aathal-Seegräben
Abtwil - Säntispark,"Wiesenbachstrasse 7, 9030 Abtwil",9030,Abtwil
Adligenswil LU,"Obgardirain 1, 6043 Adligenswil",6043,Adligenswil
Adliswil,"Albisstrasse 10, 8134 Adliswil",8134,Adliswil
Aesch,"Hauptstrasse 95, 4147 Aesch",4147,Aesch
Affoltern a. A.,"Oberdorfstrasse 4, 8910 Affoltern am Albis",8910,Affoltern am Albis
Affoltern am Albis,"Obfelderstrasse 1, 8910 Affoltern am Albis",8910,Affoltern am Albis
Agno,"Via Lugano 21, 6982 Agno",6982,Agno
Agy,"route d'Agy 2, 1763 Granges-Paccot",1763,Granges-Paccot
Aigle - Chablais Centre,"Ch. Sous-le-Grand Pré 4, 1860 Aigle",1860,Aigle
Aigle gare,"Place de la gare 5, 1860 Aigle",1860,Aigle
Allschwil - Binningerstr.,"Binningerstrasse 91, 4123 Allschwil",4123,Allschwil
Allschwil - Paradies,"Spitzwaldstrasse 215, 4123 Allschwil",4123,Allschwil
Allschwil - Stockbrunnenrain,"Stockbrunnenrain 2, 4123 Allschwil",4123,Allschwil
Allschwil - Ziegelei,"Baslerstrasse 191, 4123 Allschwil",4123,Allschwil
Allschwil-Lindenplatz,"Lindenplatz 1, 4123 Allschwil",4123,Allschwil
Alnatura Bio Super Markt Baden,"Bahnhofstrasse 31, 5400 Baden",5400,Baden
Alnatura Bio Super Markt Basel Gerbergasse,"Gerbergasse 25, 4001 Basel",4001,Basel
Alnatura Bio Super Markt Basel Kirschgarten,"Henric Petri-Strasse 20, 4051 Basel",4051,Basel
Alnatura Bio Super Markt Bern Aarbergergasse,"Aarbergergasse 30, 3011 Bern",3011,Bern
Alnatura Bio Super Markt Bern Breitsch,"Scheibenstrasse 27, 3014 Bern",3014,Bern
Alnatura Bio Super Markt Bern Bärenplatz,"Bärenplatz 8, 3011 Bern",3011,Bern
Alnatura Bio Super Markt Bülach Sonnenhof,"Bahnhofstrasse 28, 8180 Bülach",8180,Bülach
Alnatura Bio Super Markt Luzern,"Hertensteinstrasse 40, 6004 Luzern",6004,Luzern
Alnatura Bio Super Markt Meilen Markthalle,"Dorfplatz 2, 8706 Meilen",8706,Meilen
Alnatura Bio Super Markt Solothurn,"Hauptgasse 28, 4500 Solothurn",4500,Solothurn
Alnatura Bio Super Markt St. Gallen,"St. Leonhard-Strasse 33, 9000 St. Gallen",9000,St. Gallen
Alnatura Bio Super Markt Stäfa,"Bahnhofstrasse 18, 8712 Stäfa",8712,Stäfa
Alnatura Bio Super Markt Uster,"Zürichstrasse 20, 8610 Uster",8610,Uster
Alnatura Bio Super Markt Winterthur Grüze,"Industriestrasse 11, 8404 Winterthur",8404,Winterthur
Alnatura Bio Super Markt Wädenswil,"Oberdorfstrasse 32, 8820 Wädenswil",8820,Wädenswil
Alnatura Bio Super Markt Zug Metalli,"Baarerstrasse 22, 6300 Zug",6300,Zug
Alnatura Bio Super Markt Zürich HB Sihlquai,"Sihlquai, 8001 Zürich",8001,Zürich
Alnatura Bio Super Markt Zürich Höngg,"Kappenbühlweg 5, 8049 Zürich",8049,Zürich
Alnatura Bio Super Markt Zürich Limmatplatz,"Limmatplatz 4-6, 8005 Zürich",8005,Zürich
Alnatura Bio Super Markt Zürich Löwenstrasse,"Löwenstrasse 31, 8001 Zürich",8001,Zürich
Alnatura Bio Super Markt Zürich Niederdorf,"Mühlegasse 11, 8001 Zürich",8001,Zürich
Alnatura Bio Super Markt Zürich Oerlikon Bauhof,"Baumackerstrasse 35, 8050 Zürich-Oerlikon",8050,Zürich-Oerlikon
Alpnach Outlet,"Untere Gründlistrasse 21, 6055 Alpnach Dorf",6055,Alpnach Dorf
Altdorf,"Gitschenstrasse 14, 6460 Altdorf",6460,Altdorf
Altstätten SG,"Stossstrasse 2, 9450 Altstätten",9450,Altstätten
Amriswil,"Rütistrasse 10a, 8580 Amriswil",8580,Amriswil
Andelfingen,"Weinlandstrasse 4, 8451 Kleinandelfingen",8451,Kleinandelfingen
Appenzell,"Feldstrasse 16, 9050 Appenzell",9050,Appenzell
Arbedo Castione,"Via Corogna, 6532 Castione",6532,Castione
Arbon,"St. Gallerstrasse 6, 9320 Arbon",9320,Arbon
Arlesheim,"Postplatz 7, 4144 Arlesheim",4144,Arlesheim
Arnegg,"Bächigenstrasse 11, 9212 Arnegg",9212,Arnegg
Ascona,"Via Muraccio 2, 6612 Ascona",6612,Ascona
Au SG,"Nollenhornstrasse 9, 9434 Au SG",9434,Au SG
Aubonne,"des Fossés-Dessous, 1170 Aubonne",1170,Aubonne
Avenches,"Route de Pré-Vert 5, 1580 Avenches",1580,Avenches
Avry Centre,"Route de Matran 9, 1754 Avry-sur-Matran",1754,Avry-sur-Matran
Baar,"Bahnhofstrasse 5, 6340 Baar",6340,Baar
Bad Ragaz,"Bahnhofstrasse 2, 7310 Bad Ragaz",7310,Bad Ragaz
Bad Zurzach,"Promenadenstrasse 10, 5330 Bad Zurzach",5330,Bad Zurzach
Baden,"Bruggerstrasse 194, 5400 Baden",5400,Baden
Baden - Bhf. Take Away,"Metro Shop, Bahnhof SBB, 5400 Baden",,
Baden - City,"Bahnhofstrasse 40/42, 5400 Baden",5400,Baden
Baden-Dättwil,"Zelgweg 17, 5405 Baden",5405,Baden
Balerna-Bisio 1,"Via S. Gottardo 13, 6828 Balerna",6828,Balerna
Balerna-Bisio 2,"Via S. Gottardo 32, 6828 Balerna",6828,Balerna
Balerna-Roncaglia,"Via Passeggiata 28, 6828 Balerna",6828,Balerna
Balsthal,"Goldgasse 13, 4710 Balsthal",4710,Balsthal
Basel - Allschwiler,"Allschwilerstrasse 31, 4055 Basel",4055,Basel
Basel - Bahnhof SBB,"Centralbahnstrasse 10, 4051 Basel",4051,Basel
Basel - Birsigstrasse,"Birsigstrasse 105, 4054 Basel",4054,Basel
Basel - Burgfelder,"Burgfelderstrasse 11, 4055 Basel",4055,Basel
Basel - Claramarkt,"Untere Rebgasse 11, 4058 Basel",4058,Basel
Basel - Drachen-Center,"Aeschenvorstadt 24, 4051 Basel",4051,Basel
Basel - Dreispitz MParc,"Münchensteinerstrasse 200, 4053 Basel",4053,Basel
Basel - Efringer,"Efringerstrasse 32, 4057 Basel",4057,Basel
Basel - Eglisee,"Riehenstrasse 315, 4058 Basel",4058,Basel
Basel - Flughafenstrasse,"Flughafenstrasse 100, 4056 Basel",4056,Basel
Basel - Gundelitor,"Güterstrasse 180, 4053 Basel",4053,Basel
Basel - Hardstrasse,"Hardstrasse 105, 4052 Basel",4052,Basel
Basel - Inselstrasse,"Inselstrasse 63, 4057 Basel",4057,Basel
Basel - Juniors Market,"Grenzacherstrasse 62/64, 4058 Basel",4058,Basel
Basel - Lachenstrasse,"Lachenstrasse 1, 4056 Basel",4056,Basel
Basel - Märtplatz,"Eisengasse 12, 4051 Basel",4051,Basel
Basel - Mülhauser,"Mülhauserstrasse 70-72, 4056 Basel",4056,Basel
Basel - Neuweiler,"Neuweilerplatz 7, 4054 Basel",4054,Basel
Basel - Schützenmatt,"Schützenmattstrasse 27, 4051 Basel",4051,Basel
Basel - Stücki,"Hochbergerstrasse 70, 4057 Basel",4057,Basel
Basel - Wanderstrasse,"Wanderstrasse 121, 4054 Basel",4054,Basel
Basel - Wasgenring,"Blotzheimerstrasse 61, 4055 Basel",4055,Basel
Basel - Zürcherstrasse,"Zürcherstrasse 160, 4052 Basel",4052,Basel
Basel Hochbergerstrasse,"Hochbergstrasse 106, 4057 Basel",4057,Basel
Basel Weil,"Autobahn Raststätte A2/A5, 4016 Basel",4016,Basel
Bassersdorf,"Baltenswilerstrasse 5a, 8303 Bassersdorf",8303,Bassersdorf
Bauma,"Heinrich - Gujerstrasse 10, 8494 Bauma",8494,Bauma
Bavois,"Autoroute A1, Restoroute de Bavois, 1372 Bavois",,
Bavois-Alpes,"Restoroute de Bavois, 1372 Bavois",1372,Bavois
Bavois-Jura,"Restoroute de Bavois, 1372 Bavois",1372,Bavois
Bazenheid,"Wilerstrasse 17, 9602 Bazenheid",9602,Bazenheid
Beauregard,"Chemin de Béthléem 7, 1700 Fribourg",1700,Fribourg
Belfaux,"route de Lossy 16b, 1782 Belfaux",1782,Belfaux
Bellinzona,"Piazza Rinaldo Simen 8, 6500 Bellinzona",6500,Bellinzona
Bellinzona Nord,"Via San Gottardo 124, 6500 Bellinzona",6500,Bellinzona
Bellinzona-Nord,"Via San Gottardo 104, 6500 Belinzona",6500,Belinzona
Belp,"Steinbachstrasse 28, 3123 Belp",3123,Belp
Berikon - Mutschellen,"Bellikerstrasse 13, 8965 Berikon",8965,Berikon
Beringen,"Schaffhauserstrasse 72, 8222 Beringen",8222,Beringen
Bern - Bachmätteli,"Bottigenstrasse 7, 3018 Bern",3018,Bern
Bern - Bahnhof,"Bahnhofplatz 10, 3011 Bern",3011,Bern
Bern - Bahnhof Take Away,"Bahnhofplatz 10, 3011 Bern",3011,Bern
Bern - Bethlehem,"Riedbachstrasse 10, 3027 Bern",3027,Bern
Bern - Breitenrain,"Breitenrainstrasse 11, 3013 Bern",3013,Bern
Bern - Bubenberg,"Bubenbergplatz 8, 3011 Bern",3011,Bern
Bern - Bümpliz,"Bümplizstrasse 8, 3027 Bern",3027,Bern
Bern - Christoffel,"Christoffelunterführung, 3011 Bern",3011,Bern
Bern - Egghölzli,"Egghölzlistrasse 1 / 1a, 3006 Bern",3006,Bern
Bern - Eigerplatz,"Seftigenstrasse 1, 3007 Bern",3007,Bern
Bern - Fellerstrasse,"Fellerstrasse 33, 3027 Bern",3027,Bern
Bern - Freudenberg,"Giacomettistrasse 15, 3006 Bern",3006,Bern
Bern - Höhe,"Morgenstrasse 10, 3018 Bern",3018,Bern
Bern - Kirchenfeld,"Thunstrasse 18, 3005 Bern",3005,Bern
Bern - Lorraine,"Dammweg 9, 3013 Bern",3013,Bern
Bern - Marktgasse,"Marktgasse 46, 3011 Bern",3011,Bern
Bern - Marktgasse Fachmarkt,"Marktgasse 28-32, 3011 Bern",3011,Bern
Bern - Wankdorf,"Winkelriedstrasse 10, 3014 Bern",3014,Bern
Bern - Wankdorf MParc,"Wankdorffeldstrasse 90, 3014 Bern",3014,Bern
Bern - Welle 7,"Schanzenstrasse 5, 3000 Bern",3000,Bern
Bern - Westside,"Gilberte-de-Courgenay-Platz 4, 3027 Bern",3027,Bern
Bern - Winkelried,"Wankdorffeldstrasse 71, 3014 Bern",3014,Bern
Bern - Zähringer,"Zähringerstrasse 43, 3012 Bern",3012,Bern
Bern Burgernziel,"Thunstrasse 110, 3006 Bern",3006,Bern
Bern Länggasse,"Länggassstrasse 54, 3012 Bern",3012,Bern
Bern Westflügel,"Bethlehemstrasse 40, 3027 Bern",3027,Bern
Bertiswil Rothenburg LU,"Rosengartenstrasse 2, 6023 Rothenburg",6023,Rothenburg
Bex,"Rue Centrale 43-45, 1880 Bex",1880,Bex
Biasca,"Via General Guisan 26, 6710 Biasca",6710,Biasca
Biberist,"Hauptstrasse 21, 4562 Biberist",4562,Biberist
Biel - Bielerhof,"Bahnhofstrasse 15, 2502 Biel/Bienne",2502,Biel/Bienne
Biel - Bözingen,"Schlösslistrasse 7, 2504 Biel/Bienne",2504,Biel/Bienne
Biel - Madretsch,"Brüggstrasse 5, 2503 Biel/Bienne",2503,Biel/Bienne
Biel - Neumarkt,"Kanalgasse 36-38, 2502 Biel/Bienne",2502,Biel/Bienne
Biel Stadion,"Sportallee 20, 2504 Biel",2504,Biel
Binningen,"Hauptstrasse 129, 4102 Binningen",4102,Binningen
Binningen - Gorenmatt,"Gorenmattstrasse 17, 4102 Binningen",4102,Binningen
Binningen - Zentrum,"Hauptstrasse 71, 4102 Binningen",4102,Binningen
Bioggio,"Strada Regina 23, 6934 Bioggio",6934,Bioggio
Birmensdorf,"Zürcherstrasse 15, 8903 Birmensdorf ZH",8903,Birmensdorf ZH
Birsfelden,"Chrischonastrasse 2, 4127 Birsfelden",4127,Birsfelden
Bischofszell,"Steigstrasse 5, 9220 Bischofszell",9220,Bischofszell
Bitsch,"Furkastrasse 88, 3982 Bitsch",3982,Bitsch
Bière,"Le Centre, 1145 Bière",1145,Bière
Blonay,"Route du Village 37, 1807 Blonay",1807,Blonay
Blécherette,"Chemin des Bossons 52, 1018 Lausanne",1018,Lausanne
Boffalora,"Via Bernardino Luini, 6830 Chiasso",6830,Chiasso
Bolligen,"Bolligenstrasse 90, 3065 Bolligen",3065,Bolligen
Boswil,"Muristrasse 8, 5623 Boswil",5623,Boswil
Boudry,"Avenue du Collège 37, 2017 Boudry",2017,Boudry
Breitenbach - Wydehof,"Laufenstrasse 4, 4226 Breitenbach",4226,Breitenbach
Bremgarten,"Wohlerstrasse 18, 5620 Bremgarten AG",5620,Bremgarten AG
Bremgarten AG,"Zufikerstrasse 2, 5620 Bremgarten AG",5620,Bremgarten AG
Bremgarten Kalchacker,"Kalchackerstrasse 9, 3047 Bremgarten b. Bern",3047,Bremgarten b. Bern
Brienz,"Hauptstrasse 51, 3855 Brienz BE",3855,Brienz BE
Brig,"Belalpstrasse 1, 3900 Brig",3900,Brig
Brissago,"Via R. Leoncavallo 62, 6614 Brissago",6614,Brissago
Bronschhofen,"Amp-Strasse 2, 9552 Bronschhofen",9552,Bronschhofen
Brugg,"Neumarkt 1, 5200 Brugg AG",5200,Brugg AG
Brugg - Neumarkt,"Neumarkt 1, 5200 Brugg AG",5200,Brugg AG
Brugg AG,"Zurzacherstrasse 83, 5200 Brugg AG",5200,Brugg AG
Brunnen - Bahnhofsmärcht,"Bahnhofplatz 19, 6440 Brunnen",6440,Brunnen
Brusino-Arsizio 1,"Via al Confine 27, 6827 Brusino-Arsizio",6827,Brusino-Arsizio
Brügg,"Bahnhofstrasse 8, 2555 Brügg BE",2555,Brügg BE
Brügg - Centre Brügg,"Erlenstrasse 40, 2555 Brügg b. Biel",2555,Brügg b. Biel
Bubendorf,"Grüngenstrasse 1, 4416 Bubendorf",4416,Bubendorf
Buchrain - Tschannhof,"Unterdorfstrasse, 6033 Buchrain",6033,Buchrain
Buchs AG - Wynecenter,"Bresteneggstrasse 9b, 5033 Buchs AG",5033,Buchs AG
Buchs Outlet,"Heldaustrasse 66, 9470 Buchs SG",9470,Buchs SG
Buchs SG,"Churerstrasse 10, 9470 Buchs",9470,Buchs
Buchs SG - MParc,"Churerstrasse 5, 9470 Buchs SG",9470,Buchs SG
Bulle,"Rue de l'Europe 82, 1630 Bulle",1630,Bulle
Buochs,"Ennetbürgerstrasse 45, 6374 Buochs",6374,Buochs
Burgdorf,"Kirchbergstrasse 235, 3400 Burgdorf",3400,Burgdorf
Burgdorf - Neumarkt,"Lyssachstrasse 27, 3400 Burgdorf",3400,Burgdorf
Bursins,"La Côte / A1 Sud, 1183 Bursins",1183,Bursins
Bussigny,"Rue de la Gare 2, 1030 Bussigny-Lausanne",1030,Bussigny-Lausanne
Bülach,"Zürichstrasse 57/59, 8180 Bülach",8180,Bülach
Bülach - Sonnenhof,"Bahnhofstrasse 28, 8180 Bülach",8180,Bülach
Bülach Süd,"Feldstrasse 85, 8180 Bülach",8180,Bülach
Bürglen/Altdorf - Urnertor,"Gotthardstrasse 67, 6460 Altdorf UR",6460,Altdorf UR
Bütschwil,"Landstrasse 41, 9606 Bütschwil",9606,Bütschwil
Cadenazzo,"Via Stazione 19, 6593 Cadenazzo",6593,Cadenazzo
Camorino,"In Tirada, 6528 Camorino",6528,Camorino
Campagna Adorna,"Via Campagna Adorna, 6850 Mendrisio",6850,Mendrisio
Capolago,"Via Carlo Maderno 56, 6825 Capolago",6825,Capolago
Carouge,"Rue du Marché 16, 1227 Carouge GE",1227,Carouge GE
Carouge - Acacias,"Rue Gustave-Revilliod 4, 1227 Carouge GE",1227,Carouge GE
Carouge - MParc La Praille,"Avenue Vibert 32, 1227 Carouge GE",1227,Carouge GE
Carouge - Vibert,"Avenue Vibert 29, 1227 Carouge GE",1227,Carouge GE
Caslano,"Via Stazione 80, 6987 Caslano",6987,Caslano
Caslano-Pura,"Via Colombera 36, 6984 Caslano-Pura",6984,Caslano-Pura
Cassarate,"Viale Castagnola 21, 6900 Lugano",6900,Lugano
Centre la Tour,"Route de Pra-Riond 2, 1635 La Tour-de-Trême",1635,La Tour-de-Trême
Centro Agno,"Via Lugano 21, 6982 Agno",6982,Agno
Centro S.Antonino,"Via Serrai 5, 6592 Sant'Antonino",6592,Sant'Antonino
Centro S.Antonino OBI,"Via Serrai 3, 6592 S. Antonino",6592,S. Antonino
Centro Serfontana,"Viale Serfontana 20, 6834 Morbio Inferiore",6834,Morbio Inferiore
Cernier,"Rue Comble-Emine 5, 2053 Cernier",2053,Cernier
Cham,"Zugerstrasse 82, 6330 Cham",6330,Cham
Cham - Neudorf,"Zugerstrasse 15/17, 6330 Cham",6330,Cham
Chamoson,"Chemin Neuf 2, 1955 Chamoson",1955,Chamoson
Change Grand-Saconnex,"Route de Ferney 194-196, 1218 Grand-Saconnex",1218,Grand-Saconnex
Change Meyrin,"Avenue de Feuillasse 24, 1217 Meyrin",1217,Meyrin
Change Mont-Blanc,"Rue du Mont-Blanc 16, 1201 Genève",1201,Genève
Change Ouchy,"Place de la Navigation 16, 1007 Lausanne",1007,Lausanne
Change Pont-Rouge,"Esplanade de Pont-Rouge 3, 1212 Grand-Lancy",1212,Grand-Lancy
Change Rive,"Rue de Rive 20, 1204 Genève",1204,Genève
Change Thônex,"Rue de Genève 90, 1225 Chêne-Bourg",1225,Chêne-Bourg
Charrière,"Rue de la Charrière 71, 2300 La Chaux-de-Fonds",2300,La Chaux-de-Fonds
Chavannes - Renens,"Avenue du Tir-Fédéral 12, 1022 Chavannes-Renens",1022,Chavannes-Renens
Chavannes les Cèdres,"Avenue de la Gare 84, 1022 Chavannes-près-Renens",1022,Chavannes-près-Renens
Chavannes-de-Bogis,"Route de Divonne 2, 1279 Chavannes-de-Bogis",1279,Chavannes-de-Bogis
Cheseaux,"Route de Genève 9a, 1033 Cheseaux-sur-Lausanne",1033,Cheseaux-sur-Lausanne
Chiasso Via Como,"Via Como 7, 6830 Chiasso",6830,Chiasso
Chiasso-Pedrinate1,"Via Tinelle 20, 6832 Pedrinate",6832,Pedrinate
Chur,"Rheinfelsstrasse 2, 7000 Chur",7000,Chur
Chur - Calandapark,"Pargherastrasse 1-3, 7000 Chur",7000,Chur
Chur - Gäuggeli,"Gäuggelistrasse 28, 7000 Chur",7000,Chur
Chur - Ringstrasse,"Ringstrasse 91, 7000 Chur",7000,Chur
Chur - West,"Stellenweg 6, 7000 Chur",7000,Chur
Chur Masans,"Masanserstrasse 240, 7000 Chur",7000,Chur
Chur-Ost,"Deutsche Strasse 5, 7000 Chur",7000,Chur
Churwalden,"Hauptstrasse 146, 7075 Churwalden",7075,Churwalden
Châtel-St-Denis,"Rte de Montreux 56, 1618 Châtel-St-Denis",1618,Châtel-St-Denis
Chêne-Bougeries,"Ch. de la Gradelle 40, 1224 Chêne-Bougeries",1224,Chêne-Bougeries
Chêne-Vert,"Place de la Gare 2, 1225 Chêne-Bourg",1225,Chêne-Bourg
Clarens - Centre,"Rue du Léman 9, 1815 Clarens",1815,Clarens
Cointrin,"Av. Louis-Casaï 74/76, 1216 Cointrin",1216,Cointrin
Coldrerio-Paese,"Via S. Gottardo 37, 6877 Coldrerio",6877,Coldrerio
Collombey,"Entre-deux-Fossaux, 1868 Collombey",1868,Collombey
Collonge-Bellerive - Vésenaz,"Route de Thonon 55, 1245 Collonge-Bellerive",1245,Collonge-Bellerive
Colombier,"Avenue de la Gare 16, 2013 Colombier",2013,Colombier
Conseil à domicile Micasa,"Route de Noyer-Girod 3, 1163 Etoy",1163,Etoy
Conthey,"Route Cantonale 25, 1964 Conthey",1964,Conthey
Conthey - Forum des Alpes,"Route des Rottes 15, 1964 Conthey",1964,Conthey
Cormanon,"Rue du centre 4, 1752 Villars-sur-Glâne",1752,Villars-sur-Glâne
Cortaillod,"Chemin de Ronzi 2, 2016 Cortaillod",2016,Cortaillod
Cossonay,"Route des Chavannes 1, 1304 Cossonay-Ville",1304,Cossonay-Ville
Courtepin,"Route de l'Industrie 25, 1784 Courtepin",1784,Courtepin
Crans,"Rue du Grand-Place 7, 3963 Crans-Montana",3963,Crans-Montana
Crans-Montana,"Route du Rawyl 32, 3963 Crans-Montana",3963,Crans-Montana
Crissier,"Chemin du Closalet 7, 1023 Crissier",1023,Crissier
Crocifisso,"Via San Gottardo 150, 6942 Savosa",6942,Savosa
Cugy,"Route de Bottens 1, 1053 Cugy VD",1053,Cugy VD
Dagmersellen,"Baselstrasse 7, 6252 Dagmersellen",6252,Dagmersellen
Daily Zürich-Zollstrasse,"Zollstrasse 6, 8005 Zürich",8005,Zürich
Davos Dorf,"Bahnhofstrasse, 7260 Davos-Dorf",7260,Davos-Dorf
Davos Outlet,"Promenade 40, 7270 Davos Platz",7270,Davos Platz
Davos Symondpark,"Promenade 105, 7270 Davos Platz",7270,Davos Platz
Davos-Dorf,"Promenade 146, 7260 Davos Dorf",7260,Davos Dorf
Degersheim,"Hauptstrasse 81, 9113 Degersheim",9113,Degersheim
Delémont,"Rue de la Maltière 12, 2800 Delémont",2800,Delémont
Delémont - MParc,"Rue Emile-Boéchat 79, 2800 Delémont",2800,Delémont
Derendingen,"Hauptstrasse 22, 4552 Derendingen",4552,Derendingen
Dielsdorf,"Ruchwiesenstrasse 2, 8157 Dielsdorf",8157,Dielsdorf
Diepoldsau,"Hintere Kirchstrasse 1, 9444 Diepoldsau",9444,Diepoldsau
Dierikon Outlet,"Industriestrasse 1, 6036 Dierikon",6036,Dierikon
Diessenhofen,"Bahnhofstrasse 15, 8253 Diessenhofen",8253,Diessenhofen
Dietikon - Bernstrasse,"Bernstrasse 386, 8953 Dietikon",8953,Dietikon
Dietikon - Limmatfeld,"Überlandstrasse 22, 8953 Dietikon",8953,Dietikon
Dietikon - Löwenzentrum,"Löwenstrasse 28, 8953 Dietikon",8953,Dietikon
Dietikon Silbern,"Riedstrasse 3, 8953 Dietikon",8953,Dietikon
Dietlikon,"Neue Winterthurerstrasse 15, 8305 Dietlikon",8305,Dietlikon
Dietlikon - Brunnenwiese,"Pappelstrasse 2, 8305 Dietlikon",8305,Dietlikon
Do It + Garden - Taverne,"Via Brüsighell 6, 6807 Taverne",6807,Taverne
Domat-Ems,"Via La Val 1, 7013 Domat/Ems",7013,Domat/Ems
Domdidier,"Grand-Rhain 54, 1564 Domdidier",1564,Domdidier
Dornach,"Wollmattweg 7, 4143 Dornach",4143,Dornach
Däniken,"Hauptstrasse 58, 4658 Däniken",4658,Däniken
Dättnau,"Ziegeleiplatz 2, 8406 Dättnau",8406,Dättnau
Döttingen,"Hauptstrasse 17, 5312 Döttingen",5312,Döttingen
Dübendorf,"Unterdorfstrasse 7, 8600 Dübendorf",8600,Dübendorf
Dübendorf - Bühlwiesen,"Ringstrasse 17, 8600 Dübendorf",8600,Dübendorf
Dübendorf - Hochbord Nord,"Neugutstrasse 83, 8600 Dübendorf",8600,Dübendorf
Dübendorf - Im Giessen,"Ueberlandstrasse 97, 8600 Dübendorf",8600,Dübendorf
Dübendorf - Sonnental,"Zürcherstrasse 89, 8600 Dübendorf",8600,Dübendorf
Dübendorf - Zur Schmiede,"Usterstrasse 44, 8600 Dübendorf",8600,Dübendorf
Dübendorf Stettbach,"Am Stadtrand 5, 8600 Dübendorf",8600,Dübendorf
Düdingen,"Käsereistrasse 3, 3186 Düdingen",3186,Düdingen
Ebikon - Ladengasse,"Zentralstrasse 16, 6030 Ebikon",6030,Ebikon
Ebikon - Mall of Switzerland,"Ebisquare-Strasse 1, 6030 Ebikon",6030,Ebikon
Ebmatingen,"Zürichstrasse 108, 8123 Ebmatingen",8123,Ebmatingen
Ebnat-Kappel,"Kapplerstrasse 16, 9642 Ebnat-Kappel",9642,Ebnat-Kappel
Echallens,"Rue de Praz-Palud 2, 1040 Echallens",1040,Echallens
Ecublens - Croset,"chemin du Croset 7, 1024 Ecublens",1024,Ecublens
Ecublens - EPFL,"Louis Favre 8A, 1024 Ecublens VD",1024,Ecublens VD
Effretikon,"Rikonerstrasse 20, 8307 Effretikon",8307,Effretikon
Effretikon - Effi-Märt,"Märtplatz 5, 8307 Effretikon",8307,Effretikon
Egerkingen - Gäupark,"Hausimollstrasse 1, 4622 Egerkingen",4622,Egerkingen
Egg,"Gewerbestrasse 2-10, 8132 Egg",8132,Egg
Eglisau,"Schaffhauserstrasse 39, 8193 Eglisau",8193,Eglisau
Eglisau-Nord,"Bauelenzelgstrasse 16, 8193 Eglisau",8193,Eglisau
Egnach,"Romanshornerstr. 129, 9322 Egnach",9322,Egnach
Egolzwil - Schötz,"Grossmatt 1, 6243 Egolzwil",6243,Egolzwil
Einsiedeln,"Eisenbahnstrasse 2, 8840 Einsiedeln",8840,Einsiedeln
Elgg,"St. Gallerstrasse 16, 8353 Elgg",8353,Elgg
Embrach,"Bülacherstrasse 17, 8424 Embrach",8424,Embrach
Emmen - Kapf,"Kapfstrasse 3, 6020 Emmenbrücke",6020,Emmenbrücke
Emmen - Wohncenter,"Seetalstrasse 50, 6020 Emmenbrücke",6020,Emmenbrücke
Emmenbrücke,"Gerliswilstrasse 26, 6020 Emmenbrücke",6020,Emmenbrücke
Emmenbrücke - Sonnenplatz,"Sonnenplatz 1, 6020 Emmenbrücke",6020,Emmenbrücke
Engelberg,"Klosterstrasse 5, 6390 Engelberg",6390,Engelberg
Epalinges,"Place de la Croix-Blanche 11, 1066 Epalinges",1066,Epalinges
Erde,"Scex-Riond / CP 48, 1976 Erde",1976,Erde
Erlenbach - Erlibacher Märt,"Bahnhofstrasse 42, 8703 Erlenbach ZH",8703,Erlenbach ZH
Erlinsbach,"Zentrum Rössli, 5018 Erlinsbach AG",5018,Erlinsbach AG
Erstfeld,"Gotthardstrasse 144, 6472 Erstfeld",6472,Erstfeld
Eschen,"Essanestrasse 42, 9492 Eschen",9492,Eschen
Eschenbach,"Rickenstrasse 12, 8733 Eschenbach",8733,Eschenbach
Estavayer-le-Lac,"Route de la Chapelle 24, 1470 Estavayer-le-Lac",1470,Estavayer-le-Lac
Etoy,"Route Suisse 26, 1163 Etoy",1163,Etoy
Etoy (marché spécialisé),"Route de Noyer-Girod 3, 1163 Etoy",1163,Etoy
Etrembières (F),"CC Shopping-Etrembières, 74112 Etrembières",74112,Etrembières
Ettingen,"Therwilerstrasse 9, 4107 Ettingen",4107,Ettingen
Eyholz - Outlet,"Alte Kantonsstrasse 7, 3930 Eyholz",3930,Eyholz
FL - Balzers,"Landstrasse 20, 9496 Balzers",9496,Balzers
FL - Ruggell,"Landstrasse 33, 9491 Ruggell",9491,Ruggell
Fahrwangen,"Hintergasse 12, 5615 Fahrwangen",5615,Fahrwangen
Faido,"Via Pian della Croce, 6760 Faido",6760,Faido
Fehraltorf,"Grundstrasse 4, 8320 Fehraltorf",8320,Fehraltorf
Fiesch,"Furkastrasse 46, 3984 Fiesch",3984,Fiesch
Fislisbach,"Badenerstrasse 7d, 5442 Fislisbach",5442,Fislisbach
Flamatt,"Bernstrasse 36, 3175 Flamatt",3175,Flamatt
Flamatt - Bernstrasse 50,"Bernstrasse 50, 3175 Flamatt",3175,Flamatt
Flawil,"Magdenauerstrasse 10, 9230 Flawil",9230,Flawil
Fleurier,"Grand-Rue 27, 2114 Fleurier",2114,Fleurier
Flums,"Lochrietstrasse 27, 8890 Flums",8890,Flums
Forch,"Forchstrasse, 8127 Forch",8127,Forch
Fornasette,"Via Cantonale 128, 6998 Monteggio",6998,Monteggio
Frauenfeld - Bahnhofstrasse,"Bahnhofplatz 75, 8500 Frauenfeld",8500,Frauenfeld
Frauenfeld - Multiplex,"Langfeldstrasse 53a, 8500 Frauenfeld",8500,Frauenfeld
Frauenfeld - Passage,"Bahnhofplatz 72, 8500 Frauenfeld",8500,Frauenfeld
Frauenfeld - Zürcherstrasse 276,"Zürcherstrasse 276, 8500 Frauenfeld",8500,Frauenfeld
Frauenfeld - Zürcherstrasse 291,"Zürcherstrasse 291, 8500 Frauenfeld",8500,Frauenfeld
Freienbach,"Kantonsstrasse 149, 8807 Freienbach",8807,Freienbach
Frenkendorf,"Güterstrasse 1, 4402 Frenkendorf",4402,Frenkendorf
Fribourg AMAG,"Route de Villars 108, 1752 Villars-sur-Glâne",1752,Villars-sur-Glâne
Fribourg Jura,"Route du Jura 73, 1700 Fribourg",1700,Fribourg
Frick,"Hauptstrasse 44, 5070 Frick",5070,Frick
Frutigen,"Kanderstegstrasse 31, 3714 Frutigen",3714,Frutigen
Fully,"Rue de Provence 4, 1926 Fully",1926,Fully
Fällanden,"Unterdorfstrasse 2, 8117 Fällanden",8117,Fällanden
Füllinsdorf,"Rheinstrasse 46, 4414 Füllinsdorf",4414,Füllinsdorf
Füllinsdorf - Schönthal,"Ergolzstrasse 2, 4414 Füllinsdorf",4414,Füllinsdorf
Gandria,"Via Cantonale 14, 6978 Gandria",6978,Gandria
Gare Fribourg,"Rue Louis-d'Affry 2, 1701 Fribourg",1701,Fribourg
Gare de Bulle,"Place de la Gare, 1630 Bulle",1630,Bulle
Gd Saconnex - Le Pommier,"Rue Sonnex 20, 1218 Le Grand-Saconnex",1218,Le Grand-Saconnex
Gebenstorf,"Wambisterstrasse, 5412 Gebenstorf",5412,Gebenstorf
Gelterkinden,"Badweg 2, 4460 Gelterkinden",4460,Gelterkinden
Genestrerio,"Via Canova 7, 6852 Genestrerio",6852,Genestrerio
Genève - Balexert,"Avenue Louis-Casaï 27, 1211 Genève 28",1211,Genève 28
Genève - Champel,"Avenue de Champel 61, 1206 Genève",1206,Genève
Genève - Charmilles,"Promenade de l'Europe 11, 1203 Genève",1203,Genève
Genève - Cointrin,"Avenue Louis-Casaï 73, 1216 Cointrin",1216,Cointrin
Genève - Cointrin Aéroport,"Route de l'Aéroport 25, 1215 Genève 15 Aéroport",1215,Genève 15 Aéroport
Genève - Cornavin Gare,"Place de Cornavin 3-7, 1201 Genève",1201,Genève
Genève - Eaux-Vives,"Rue des Eaux-Vives 17-19, 1207 Genève",1207,Genève
Genève - Fusterie M-Express,"Place de la Fusterie 7, 1204 Genève",1204,Genève
Genève - Jonction,"Boulevard Carl-Vogt 6, 1205 Genève",1205,Genève
Genève - Les Cygnes,"Rue de Lausanne 18-20, 1201 Genève",1201,Genève
Genève - Navigation,"Rue des Paquis 41, 1201 Genève",1201,Genève
Genève - Plainpalais,"Rue de Carouge 64, 1205 Genève",1205,Genève
Genève - Rieu,"Route de Florissant 86, 1206 Genève",1206,Genève
Genève - Tourelle,"Chemin de la Tourelle 2-4, 1209 Genève",1209,Genève
Genève - Vidollet,"Rue du Vidollet 5, 1202 Genève",1202,Genève
Genève - Villereuse,"Rue de la Terrassière 29, 1207 Genève",1207,Genève
Genève Montbrillant,"Rue de Montbrillant 67, 1202 Genève",1202,Genève
Genève O’Vives,"Avenue de la Gare des Eaux-Vives 11, 1201 Genève",1201,Genève
Gerlafingen,"Friedhofstrasse 1, 4563 Gerlafingen",4563,Gerlafingen
Giubiasco,"Via Bellinzona 33, 6512 Giubiasco",6512,Giubiasco
Givisiez,"Impasse de la Colline 2, 1762 Givisiez",1762,Givisiez
Gland,"Rue de Mauverney 22, 1196 Gland",1196,Gland
Gland Outlet,"Suisse 41, 1196 Gland",1196,Gland
Glarus,"Bahnhofplatz 2, 8750 Glarus",8750,Glarus
Glarus - Zentrum Glärnisch,"Schweizerhofstrasse 6, 8750 Glarus",8750,Glarus
Glattbrugg,"Wallisellerstrasse 8, 8152 Glattbrugg",8152,Glattbrugg
Glis - Simplon,"Kantonsstrasse 58, 3902 Glis",3902,Glis
Goldach,"Ulrich-Rösch-Strasse 5, 9403 Goldach",9403,Goldach
Goldach - St.Gallerstr.,"St. Gallerstrasse 34, 9403 Goldach",9403,Goldach
Goldau,"Parkstrasse 25, 6410 Goldau",6410,Goldau
Gossau,"St. Gallerstrasse 115, 9200 Gossau SG",9200,Gossau SG
Gossau - Stadtbühlpark,"Stadtbühlstrasse 12, 9200 Gossau SG",9200,Gossau SG
Gossau - Wilerstrasse,"Wilerstrasse 90, 9200 Gossau SG",9200,Gossau SG
Gossau Outlet,"Industriestrasse 135, 9201 Gossau SG",9201,Gossau SG
Gossau ZH,"Im Zentrum 3, 8625 Gossau ZH",8625,Gossau ZH
Grabs,"Staatsstrasse 89, 9472 Grabs",9472,Grabs
Gradelle,"Chemin de la Gradelle 10, 1224 Chêne-Bougeries",1224,Chêne-Bougeries
Grancia,"Via Cantonale 28, 6916 Grancia",6916,Grancia
Grand-Lancy - Palettes,"Av. des Communes-Réunies 52, 1212 Grand-Lancy",1212,Grand-Lancy
Grande Béroche,"Rue de Combamare 21, 2025 Chez-Le-Bart",2025,Chez-Le-Bart
Granges - Paccot,"Route d'Englisberg 15b, 1763 Granges-Paccot",1763,Granges-Paccot
Granges-Paccot,"Route de Morat 130, 1763 Granges-Paccot",1763,Granges-Paccot
Greifensee,"Meierwis, 8606 Greifensee",8606,Greifensee
Grenchen,"Freiestrasse 10, 2540 Grenchen",2540,Grenchen
Grenchen Nord,"Nordbahnhofstrasse 43, 2540 Grenchen",2540,Grenchen
Grenchen Outlet,"Maienstrasse 6, 2540 Grenchen",2540,Grenchen
Grienbachstrasse Zug,"Grienbachstrasse 11, 6302 Zug",6302,Zug
Gruyère-Centre,"Rue Château d'En-Bas 2, 1630 Bulle",1630,Bulle
Gränichen,"Lindenplatz 2, 5722 Gränichen",5722,Gränichen
Gstaad,"Untergstaadstrasse 3, 3780 Gstaad",3780,Gstaad
Gümligen,"Turbenweg 1, 3073 Gümligen",3073,Gümligen
Hasle Rüegsau,"Emmenau 3, 3415 Hasle-Rüegsau",3415,Hasle-Rüegsau
Haute-Nendaz,"Lake Placid, rte des Ecluses 23, 1997 Haute-Nendaz",,
Hauterive,"Rte des Rouges-Terres 22-24, 2068 Hauterive NE",2068,Hauterive NE
Heiden,"Sonnentalstrasse 2, 9410 Heiden",9410,Heiden
Heimberatung,"Neugutstrasse 83, 8600 Dübendorf",8600,Dübendorf
Heimberg,"Bernstrasse 223, 3627 Heimberg",3627,Heimberg
Herisau,"Gartenstrasse 2, 9100 Herisau",9100,Herisau
Herisau - Alpsteinstrasse,"Alpsteinstrasse 8b, 9100 Herisau",9100,Herisau
Herrlisberg,"Herrlisberg Süd / A3, 8820 Wädenswil",8820,Wädenswil
Herzogenbuchsee,"Bernstrasse 33, 3360 Herzogenbuchsee",3360,Herzogenbuchsee
Hilterfingen,"Staatsstrasse 16b, 3652 Hilterfingen",3652,Hilterfingen
Hinterkappelen - Chappelemärit,"Kappelenring 2, 3032 Hinterkappelen",3032,Hinterkappelen
Hinwil,"Bachtelstrasse 16, 8340 Hinwil",8340,Hinwil
Hittnau,"Jakob Stutz-Strasse 75, 8335 Hittnau",8335,Hittnau
Hitzkirch,"Richensee 2, 6285 Hitzkirch",6285,Hitzkirch
Hochdorf - Seetal-Center,"Hauptstrasse 5, 6280 Hochdorf",6280,Hochdorf
Hombrechtikon,"Rütistrasse 16, 8634 Hombrechtikon",8634,Hombrechtikon
Home Uster,"Zürichstrasse 20, 8610 Uster",8610,Uster
Horgen - Schinzenhof,"Alte Landstrasse 24, 8810 Horgen",8810,Horgen
Horn,"Seestrasse 119, 9326 Horn",9326,Horn
Horw,"Gemeindehausplatz 14+15, 6048 Horw",6048,Horw
Hunzenschwil,"Hauptstrasse 43, 5502 Hunzenschwil",5502,Hunzenschwil
Huttwil,"Bernstrasse 6, 4950 Huttwil",4950,Huttwil
Hägendorf Outlet,"Industriestrasse West 40/42, 4614 Hägendorf",4614,Hägendorf
Hôpital,"Rue de l'Hôpital 12, 2000 Neuchâtel",2000,Neuchâtel
Hünenberg Dorf,"Maihölzli 5, 6331 Hünenberg",6331,Hünenberg
Hünibach,"Staatsstrasse 134, 3626 Hünibach",3626,Hünibach
Ibach,"Mythen-Centerstrasse 15, 6438 Ibach",6438,Ibach
Ibach-Schwyz - Mythen-Center,"Mythen-Centerstr. 18, 6438 Ibach",6438,Ibach
Ilanz - Center Marcau,"Poststrasse 4, 7130 Ilanz",7130,Ilanz
Interlaken,"Rugenparkstrasse 1, 3800 Interlaken",3800,Interlaken
Interlaken Lindenalle,"Lindenallee 98, 3800 Interlaken",3800,Interlaken
Ipsach,"Dorfstrasse 1, 2563 Ipsach",2563,Ipsach
Ittigen,"Talweg 6, 3063 Ittigen",3063,Ittigen
Ittigen - Grauholz,"Grauholz-Süd A1, 3063 Ittigen",3063,Ittigen
Jona,"St.Gallerstrasse 84, 8645 Jona",8645,Jona
Jona - Stadttor,"Molkereistrasse 5, 8645 Jona",8645,Jona
Kaltbrunn,"Uznacherstrasse 1, 8722 Kaltbrunn",8722,Kaltbrunn
Kerzers,"Murtenstrasse 15, 3210 Kerzers",3210,Kerzers
Kirchberg,"Solothurnstrasse 17a, 3422 Kirchberg BE",3422,Kirchberg BE
Kirchberg-Stelz,"Wilerstrasse 204, 9533 Kirchberg",9533,Kirchberg
Kloten,"Kirchgasse 5, 8302 Kloten",8302,Kloten
Kollbrunn,"Tösstalstrasse 24, 8483 Kollbrunn",8483,Kollbrunn
Konolfingen,"Thunstrasse 17, 3510 Konolfingen",3510,Konolfingen
Kreuzlingen,"Hauptstrasse 63, 8280 Kreuzlingen",8280,Kreuzlingen
Kreuzlingen - Seepark,"Bleichestrasse 15, 8280 Kreuzlingen",8280,Kreuzlingen
Kriens,"Mattenhof, 6010 Kriens",6010,Kriens
Kriens - Hofmatt,"Luzernerstrasse 30, 6010 Kriens",6010,Kriens
Kriens - Mattenhof,"Am Mattenhof 2, 6010 Kriens",6010,Kriens
Köniz - Bläuacker,"Bläuacker 10, 3098 Köniz",3098,Köniz
Küsnacht Berg,"Seestrasse 139, 8700 Küsnacht ZH",8700,Küsnacht ZH
Küsnacht ZH,"Zürichstrasse 149, 8700 Küsnacht ZH",8700,Küsnacht ZH
Küssnacht - Rigimärt,"Siegwartstrasse 11, 6403 Küssnacht am Rigi",6403,Küssnacht am Rigi
La Neuveville,"Chemin des Vergers 20, 2520 La Neuveville",2520,La Neuveville
La Roche,"Haut de Scherwil 2, 1634 La Roche",1634,La Roche
La Tour-de-Peilz,"Place des Anciens-Fossés 10B, 1814 La Tour-de-Peilz",1814,La Tour-de-Peilz
La Tour-de-Trême,"Route de Pra Riond 4, 1635 La Tour-de-Trême",1635,La Tour-de-Trême
La Tour-de-Trême Tivoli,"Rue de l'Ancien Comté 17b, 1635 La Tour-de-Trême",1635,La Tour-de-Trême
La Vallée,"Rue de la Gare 7, 1347 Le Sentier",1347,Le Sentier
Lachen,"Feldstrasse 6, 8853 Lachen",8853,Lachen
Lancy-Onex,"Rue des Bossons 78-80, 1213 Petit-Lancy",1213,Petit-Lancy
Landquart,"Bahnhofstrasse 54, 7302 Landquart",7302,Landquart
Langendorf - Ladedorf,"Fabrikstrasse 6, 4513 Langendorf",4513,Langendorf
Langenthal,"Wiesenstrasse 28, 4900 Langenthal",4900,Langenthal
Langenthal - MParc,"Murgenthalstrasse 17, 4900 Langenthal",4900,Langenthal
Langnau a. A.,"Hintere Grundstrasse 2, 8135 Langnau am Albis",8135,Langnau am Albis
Langnau i.E.,"Schlossstrasse 1a, 3550 Langnau i. E.",3550,Langnau i. E.
Laufen - Birscenter,"Bahnhofstrasse 4, 4242 Laufen",4242,Laufen
Lausanne,"Av. des Figuires 32, 1007 Lausanne",1007,Lausanne
Lausanne - Bellevaux,"Route Aloys-Fauquez 97, 1018 Lausanne",1018,Lausanne
Lausanne - Bergières,"Avenue des Bergières 50, 1004 Lausanne",1004,Lausanne
Lausanne - Chailly,"Avenue de la Vallonnette 2, 1012 Lausanne",1012,Lausanne
Lausanne - Closelet,"Avenue d'Ouchy 11, 1006 Lausanne",1006,Lausanne
Lausanne - Cour,"Avenue de Cour 36, 1007 Lausanne",1007,Lausanne
Lausanne - Flon Europe,"Place de l'Europe 8, 1003 Lausanne",1003,Lausanne
Lausanne - La Borde,"Rue de la Borde 3B, 1018 Lausanne",1018,Lausanne
Lausanne - La Harpe,"Avenue de la Harpe 17, 1007 Lausanne",1007,Lausanne
Lausanne - La Sallaz,"Route de Berne 1, 1010 Lausanne",1010,Lausanne
Lausanne - Montbenon,"Chemin de Mornex 36, 1003 Lausanne",1003,Lausanne
Lausanne - Métropole,"Rue des Terreaux 25, 1003 Lausanne",1003,Lausanne
Lausanne - Saint-Paul,"Avenue d'Echallens 63, 1004 Lausanne",1004,Lausanne
Lausanne - Sévelin,"Av. de Sévelin 2 Ab, 1007 Lausanne",1007,Lausanne
Le Bouveret,"En Bellossy, 1897 Bouveret",1897,Bouveret
Le Châble,"Route de Verbier 11, 1934 Le Châble VS",1934,Le Châble VS
Le Landeron,"Route de Neuchâtel 40, 2525 Le Landeron",2525,Le Landeron
Le Lignon,"Place du Lignon 29 A, 1219 Le Lignon",1219,Le Lignon
Le Locle,"Rue Bournot 35, 2400 Le Locle",2400,Le Locle
Lehenmatt,"Lehenmattstrasse 260, 4052 Basel",4052,Basel
Lenzburg,"Bachstrasse 15, 5600 Lenzburg",5600,Lenzburg
Lenzburg - Bahnhof,"Bahnhofstrasse 50, 5600 Lenzburg",5600,Lenzburg
Les Cadolles,"Rue du Plan 32, 2000 Neuchâtel",2000,Neuchâtel
Les Eplatures,"Charles Naine 44, 2300 La Chaux-de-Fonds",2300,La Chaux-de-Fonds
Leuk,"Konsumgenossenschaft, 3953 Leuk Stadt",3953,Leuk Stadt
Leukerbad,"Thermenstrasse 32, 3954 Leukerbad",3954,Leukerbad
Liestal,"Kasernenstrasse 1, 4410 Liestal",4410,Liestal
Ligornetto,"Via Cantinetta, 6853 Ligornetto",6853,Ligornetto
Littau Outlet,"Fanghöfli 14, 6014 Luzern",6014,Luzern
Locarno,"Via Stefano Franscini 31, 6600 Locarno",6600,Locarno
Losone,"Via dei Pioppi 2, 6616 Losone",6616,Losone
Lostorf,"Hauptstrasse 20, 4654 Lostorf",4654,Lostorf
Lugano,"Via Pretorio 15, 6900 Lugano",6900,Lugano
Lugano - Via Trevano,"Via Trevano 69, 6900 Lugano",6900,Lugano
Lugano-Viganello,"Via al Lido 11, 6962 Viganello",6962,Viganello
Lupfig,"Flachsacherstrasse 17, 5242 Lupfig",5242,Lupfig
Lutry – La Conversion,"Route de la Conversion 314, 1093 La Conversion",1093,La Conversion
Luzern - Allmend,"Zihlmattweg 46, 6005 Luzern",6005,Luzern
Luzern - Bahnhof,"Zentralstrasse 1, 6003 Luzern",6003,Luzern
Luzern - Bahnhof Daily,"Zentralstrasse 7, 6003 Luzern",6003,Luzern
Luzern - Bruchstrasse,"Bruchstrasse 18, 6003 Luzern",6003,Luzern
Luzern - Brüelstrasse,"Kreuzbuchstrasse 53, 6006 Luzern",6006,Luzern
Luzern - Grossmatte,"Luzernerstrasse 143, 6014 Luzern",6014,Luzern
Luzern - Schlossberg,"Friedentalstrasse 6, 6004 Luzern",6004,Luzern
Luzern - Schweizerhof,"Hertensteinstrasse 9, 6004 Luzern",6004,Luzern
Luzern - Schönbühl,"Langensandstr. 23, 6005 Luzern",6005,Luzern
Luzern - Waldstätter,"Winkelriedstrasse 58, 6003 Luzern",6003,Luzern
Luzern - Würzenbachstrasse,"Würzenbachstrasse 19, 6006 Luzern",6006,Luzern
Lyss Lyssbachpark,"Steinweg 28, 3250 Lyss",3250,Lyss
MP La Sarraz,"Chemin des Prés-Morés 2, 1315 La Sarraz",1315,La Sarraz
MP Ouchy,"Avenue de Rhodanie 2, 1007 Lausanne",1007,Lausanne
Maggia,"Via Cantonale, 6673 Maggia",6673,Maggia
Malters,"Weihermatte 7a/7b, 6102 Malters",6102,Malters
Manno,"Strada Cantonale 25, 6928 Manno",6928,Manno
Marché FR,"Rue St-Pierre 2, 1700 Fribourg",1700,Fribourg
Marin,"Route des Perveuils 2, 2074 Marin-Epagnier",2074,Marin-Epagnier
Marin Centre,"Rue Fleur-de-Lys 26, 2074 Marin-Epagnier",2074,Marin-Epagnier
Marly,"Route des Pralettes 1, 1723 Marly",1723,Marly
Martigny,"Rue des Avouillons 3, 1920 Martigny",1920,Martigny
Martigny - Manoir,"Rue du Manoir 1, 1920 Martigny",1920,Martigny
Martigny Avouillons,"Rue des Avouillons 8, 1920 Martigny",1920,Martigny
Martigny Quartz Center,"Avenue de Fully 63, 1920 Martigny",1920,Martigny
Matten,"Aegertiweg 33, 3812 Wilderswil",3812,Wilderswil
Matzingen,"Frauenfelderstrasse 95, 9548 Matzingen",9548,Matzingen
Maupas,"Rue du Maupas 69, 1004 Lausanne",1004,Lausanne
Meggen,"Gotthardstrasse 45, 6045 Meggen",6045,Meggen
Meilen,"Rosengartenstrasse 10, 8706 Meilen",8706,Meilen
Meiringen,"Bahnhofstrasse 1, 3860 Meiringen",3860,Meiringen
Melano,"Via Cantonale 89, 6818 Melano",6818,Melano
Mellingen,"Lenzburgerstrasse 50, 5507 Mellingen",5507,Mellingen
Mels - Pizolpark,"Grossfeldstrasse 56, 8879 Mels",8879,Mels
Mendrisio,"Via L. Lavizzari 2, Piazza alla Valle, 6850 Mendrisio",,
Mendrisio - Via Franscini,"Via Stefano Franscini 2, 6850 Mendrisio",6850,Mendrisio
Mendrisio-Via Zorzi,"Via Franco Zorzi 4, 6850 Mendrisio",6850,Mendrisio
Menziken,"Sagiweg 8, 5737 Menziken",5737,Menziken
Meyrin,"Avenue de Feuillasse 24, 1217 Meyrin",1217,Meyrin
Meyrin-Parc,"Avenue de Mategnin 45, 1217 Meyrin",1217,Meyrin
Mies,"Route Suisse 3, 1295 Mies",1295,Mies
Migrol Brig,"Weidenweg 272, 3902 Glis",3902,Glis
Migrol Herzogenbuchsee,"Zürichstrasse 52, 3360 Herzogenbuchsee",3360,Herzogenbuchsee
Migrol Lyss,"Kirchenfeldstrasse 34, 3250 Lyss",3250,Lyss
Migrol Roggwil,"Bahnhofstrasse 99, 4914 Roggwil BE",4914,Roggwil BE
Migrol Spreitenbach,"Industriestrasse 160 + 162, 8957 Spreitenbach",8957,Spreitenbach
Migrol Würenlingen,"Döttingerstrasse 1, 5303 Würenlingen",5303,Würenlingen
Migrol mio Oberengstringen,"Zürcherstrasse 158, 8102 Oberengstringen",8102,Oberengstringen
Migrol mio ZH-Winterthurerst,"Winterthurerstrasse 692, 8051 Zürich",8051,Zürich
Migros Online-Beratung,"Industriestr. 20, 3321 Schönbühl Einkaufszentrum",3321,Schönbühl Einkaufszentrum
Minusio,"Via S.Gottardo 56, 6648 Minusio",6648,Minusio
Molino Nuovo,"Via Monte Boglia 5, 6900 Lugano",6900,Lugano
Montagny,"En Chamard, 1442 Montagny-près-Yverdon",1442,Montagny-près-Yverdon
Monthey - M Central,"Avenue de la Gare 36, 1870 Monthey",1870,Monthey
Montreux,"Place du Marché 6, 1820 Montreux",1820,Montreux
Morat,"Bernstrasse 18, 3280 Morat",3280,Morat
Morges,"Rue de la gare 19, 1110 Morges",1110,Morges
Moudon,"Avenue de la Grande Fin 1, 1510 Moudon",1510,Moudon
Moutier,"Rue de l'Ecluse 1, 2740 Moutier",2740,Moutier
Murgenthal,"Fahrackerstrasse 1, 4853 Murgenthal",4853,Murgenthal
Muri AG,"Kirchfeldstrasse 8, 5630 Muri AG",5630,Muri AG
Muttenz,"St.Jakobstrasse 75, 4132 Muttenz",4132,Muttenz
Muttenz - Lutzert,"Lutzertstrasse 40, 4132 Muttenz",4132,Muttenz
Muttenz - Rothausstrasse,"Rothausstrasse 17, 4132 Muttenz",4132,Muttenz
Männedorf,"Alte Landstrasse 262, 8708 Männedorf",8708,Männedorf
Métropole Centre,"Rue Daniel-Jeanrichard 23, 2300 La Chaux-de-Fonds",2300,La Chaux-de-Fonds
Mézières,"Route de la Croix d'Or 2, 1083 Mézières VD",1083,Mézières VD
Möhlin,"Hauptstrasse 91, 4313 Möhlin",4313,Möhlin
Müllheim,"Thurstrasse 3, 8555 Müllheim",8555,Müllheim
Münchenbuchsee,"Bernstrasse 14, 3053 Münchenbuchsee",3053,Münchenbuchsee
Münchenstein,"Bruderholzstrasse 43, 4142 Münchenstein",4142,Münchenstein
Münchenstein - Gartenstadt,"Kaspar Pfeiffer-Strasse 2, 4142 Münchenstein",4142,Münchenstein
Münchwilen,"Wilerstrasse 5, 9542 Münchwilen",9542,Münchwilen
Münsingen,"Bahnhofplatz 5, 3110 Münsingen",3110,Münsingen
Naters,"Kelchbachstrasse 16, 3904 Naters",3904,Naters
Netstal,"Breite 4, 8754 Netstal",8754,Netstal
Neuenhof,"Zürcherstrasse 113, 5432 Neuenhof",5432,Neuenhof
Neuenkirch,"Luzernstrasse 16, 6206 Neuenkirch",6206,Neuenkirch
Neuhausen,"Im RhyTech 4, 8212 Neuhausen",8212,Neuhausen
Neuhausen am Rheinfall,"Schaffhauserstrasse 38, 8212 Neuhausen am Rheinfall",8212,Neuhausen am Rheinfall
Neunkirch,"Löhningerstrasse 4, 8213 Neunkirch",8213,Neunkirch
Neydens (F),"500, route des Envignes 74, 74 160 Neydens",,
Neyruz,"Place de la Gare 10, 1740 Neyruz",1740,Neyruz
Nidau,"Lyssstrasse 15, 2560 Nidau",2560,Nidau
Niederhasli,"Dorfstrasse 20, 8155 Niederhasli",8155,Niederhasli
Niederurnen,"Ziegelbrückstrasse 21, 8867 Niederurnen",8867,Niederurnen
Noranco,"Via Pian Scairolo 48, 6915 Pambio-Noranco",6915,Pambio-Noranco
Novazzano-Brusata1,"Via Cios 5, 6883 Novazzano",6883,Novazzano
Novazzano-Brusata2,"Via Cios 4, 6883 Novazzano",6883,Novazzano
Novazzano-Paese,"Via Marcetto 33, 6883 Novazzano",6883,Novazzano
Noville,"Route du Simplon, 1845 Noville",1845,Noville
Nussbaumen - Markthof,"Schulstrasse 2, 5415 Nussbaumen b.Baden",5415,Nussbaumen b.Baden
Nyon,"Impasse de Champ-Colin 12, 1260 Nyon",1260,Nyon
Nyon - La Combe,"Rue de la Morâche 6, 1260 Nyon",1260,Nyon
Nyon - Porte de Nyon,"chemin de la Fontaine 1, 1260 Nyon",1260,Nyon
Näfels,"Oberdorf 44, 8752 Näfels",8752,Näfels
Nürensdorf,"Alte Winterthurerstrasse 7, 8309 Nürensdorf",8309,Nürensdorf
Oberburg,"Emmentalstrasse 166, 3414 Oberburg",3414,Oberburg
Oberengstringen,"Im Zentrum 2, 8102 Oberengstringen",8102,Oberengstringen
Oberglatt,"Lägernstrasse 6, 8154 Oberglatt ZH",8154,Oberglatt ZH
Oberkirch,"Luzernstrasse 36, 6208 Oberkirch LU",6208,Oberkirch LU
Obermeilen,"Seestrasse 801, 8706 Meilen",8706,Meilen
Oberrieden,"Alte Landstrasse 37, 8942 Oberrieden",8942,Oberrieden
Oberriet,"Staatsstrasse 56, 9463 Oberriet",9463,Oberriet
Oberwil,"Mühlemattstrasse 18, 4104 Oberwil",4104,Oberwil
Oensingen,"Mühlefeldstrasse 53, 4702 Oensingen",4702,Oensingen
Oftringen,"Zürichstrasse 2, 4665 Oftringen",4665,Oftringen
Oftringen - MParc,"Ackerweg 2, 4665 Oftringen",4665,Oftringen
Olten - Aarburgerstr.,"Aarburgerstr. 115, 4600 Olten",4600,Olten
Olten - Hammer,"Solothurnerstrasse 21, 4600 Olten",4600,Olten
Olten - Sälipark,"Louis Giroud-Strasse 20, 4600 Olten",4600,Olten
Olten - Sälipark Fachmärkte,"Louis Giroud-Strasse 25, 4600 Olten",4600,Olten
Olten - Tannwaldstrasse,"Tannwaldstrasse 48, 4600 Olten",4600,Olten
Onex,"Route de Chancy 113, 1213 Onex",1213,Onex
Opfikon,"Hagenholzstrasse 119, 8152 Glattbrugg",8152,Glattbrugg
Opfikon - Glattpark,"Thurgauerstrasse 106, 8152 Opfikon",8152,Opfikon
Orbe,"Rue des Terreaux 22, 1350 Orbe",1350,Orbe
Orbe Gruvatiez,"Route des Granges-Martin 22, 1350 Orbe",1350,Orbe
Oron-la-Ville,"Route de Lausanne 2, 1610 Oron-la-Ville",1610,Oron-la-Ville
Ostermundigen,"Bernstrasse 114, 3072 Ostermundigen",3072,Ostermundigen
Ostermundigen Poststrasse,"Poststr. 1, 3072 Ostermundigen 1",3072,Ostermundigen 1
Othmarsingen,"Ahornweg 14, 5504 Othmarsingen",5504,Othmarsingen
Outlet Bachenbülach,"Parkallee Grabenstrasse, 8184 Bachenbülach",8184,Bachenbülach
Outlet Bellinzona,"Via Franco Zorzi, 6500 Bellinzona",6500,Bellinzona
Outlet Eglisau,"Sandgruebstrasse 1, 8193 Eglisau",8193,Eglisau
Outlet Quartz,"Avenue de Fully, 1920 Martigny",1920,Martigny
Outlet Romanel,"rte de Neuchâtel 10, 1032 Romanel-sur-Lausanne",1032,Romanel-sur-Lausanne
Outlet Taverne,"Via Brüsighell 6, 6807 Taverne",6807,Taverne
Outlet Tourbillon,"Avenue Grand-Champsec 30, 1950 Sion",1950,Sion
Outlet Winterthur,"Industriestrasse 8, 8404 Winterthur",8404,Winterthur
Paradiso,"Via Geretta, 6902 Lugano",6902,Lugano
Payerne,"Rue du Temple 19, 1530 Payerne",1530,Payerne
Peseux,"Rue Jämes-Paris 4, 2034 Peseux",2034,Peseux
Pfungen,"Weiacherstrasse 1, 8422 Pfungen",8422,Pfungen
Pfäffikon - Seedammcenter,"Gwattstrasse 11, 8808 Pfäffikon SZ",8808,Pfäffikon SZ
Pfäffikon ZH,"Turmstrasse 9, 8330 Pfäffikon",8330,Pfäffikon
Plaffeien,"Obere Matte 9, 1716 Plaffeien",1716,Plaffeien
Plan-les-Ouates,"Route de Saint-Julien 176, 1228 Plan-les-Ouates",1228,Plan-les-Ouates
Pont-Rouge,"Esplanade de Pont-Rouge 2, 1212 Grand-Lancy",1212,Grand-Lancy
Pontaise,"Avenue Jomini 11, 1018 Lausanne",1018,Lausanne
Ponte Cremenaga,"Via Cantonale 59, 6998 Monteggio",6998,Monteggio
Porrentruy,"Faubourg St Germain 2, 2900 Porrentruy",2900,Porrentruy
Porte de Versoix,"Chemin de l'ancien péage 1, 1290 Versoix",1290,Versoix
Portes-Rouges,"Avenue des Portes-Rouges 46, 2000 Neuchâtel",2000,Neuchâtel
Pratteln,"Burggartenstrasse 21, 4133 Pratteln",4133,Pratteln
Pratteln-Gehrenacker,"Gehrenackerstrasse 7, 4133 Pratteln",4133,Pratteln
Pregassona,"Via alla Bozzoreda 39, 6963 Pregassona",6963,Pregassona
Prilly,"Route de Cossonay 9, 1008 Prilly",1008,Prilly
Prilly - Malley,"Chemin du Viaduc 1, 1008 Prilly",1008,Prilly
Prilly - rte de Cossonay,"Rte de Cossonay 66, 1008 Prilly",1008,Prilly
Préverenges,"Chemin du Vuasset 2, 1028 Préverenges",1028,Préverenges
Puidoux,"Chemin de Publoz 11, 1070 Puidoux",1070,Puidoux
Pully,"Chemin du Pré-de-la-Tour 3, 1009 Pully",1009,Pully
Pérolles Centre,"Boulevard de Pérolles 21 A, 1700 Fribourg",1700,Fribourg
Radio,"Via Besso 74, 6900 Massagno",6900,Massagno
Rain,"Gääli 6, 6026 Rain",6026,Rain
Ramsen,"Petersburg 416, 8262 Ramsen",8262,Ramsen
Rapperswil - Sonnenhof,"Zürcherstrasse 4, 8640 Rapperswil SG",8640,Rapperswil SG
Rapperswil - Zentrum,"Untere Bahnhofstrasse 19, 8640 Rapperswil SG",8640,Rapperswil SG
Rebstein,"Staatsstrasse 128, 9445 Rebstein",9445,Rebstein
Regensdorf,"Feldstrasse 6, 8105 Regensdorf",8105,Regensdorf
Regensdorf - Zentrum,"Zentrum 1, 8105 Regensdorf",8105,Regensdorf
Reichenburg,"Gewerbestrasse 4, 8864 Reichenburg",8864,Reichenburg
Reiden,"Hauptstrasse 52, 6260 Reiden",6260,Reiden
Reiden Outlet,"Zelglimatte 3, 6260 Mehlsecken",6260,Mehlsecken
Reinach,"Sandgasse 18, 5734 Reinach",5734,Reinach
Reinach - Mischeli,"Niederbergstrasse 1, 4153 Reinach BL",4153,Reinach BL
Reinach - Zentrum,"Herrenweg 11, 4153 Reinach BL",4153,Reinach BL
Reinach AG,"Sandgasse 6, 5734 Reinach AG",5734,Reinach AG
Reinach BL,"Kägenstrasse 1, 4153 Reinach BL",4153,Reinach BL
Reinach-Sternenhof,"Sternenhofstrasse 10, 4153 Reinach",4153,Reinach
Relais du St.Bernard,"Relais du St-Bernard A9, 1920 Martigny",1920,Martigny
Renens,"Rue du Silo 7, 1020 Renens VD",1020,Renens VD
Renens - Florissant,"Avenue de Florissant 38, 1020 Renens VD",1020,Renens VD
Renens - Métropole,"Rue de la Mèbre 9, 1020 Renens VD",1020,Renens VD
Renens Quai Ouest,"Avenue d'Epenex 4c, 1020 Renens VD",1020,Renens VD
Renens Silo,"Rue du Silo 11, 1020 Renens",1020,Renens
Rheineck,"Rhyguetstrasse 2, 9424 Rheineck",9424,Rheineck
Rheinfall,"Mühlenstrasse 96, 8200 Schaffhausen",8200,Schaffhausen
Rheinfelden,"Lindenstrasse 3, 4310 Rheinfelden",4310,Rheinfelden
Riazzino,"Via Cantonale 40, 6595 Riazzino",6595,Riazzino
Richterswil,"Schützengass 4, 8805 Richterswil",8805,Richterswil
Riehen - Dorf,"Rössligasse/Webergässchen 8, 4125 Riehen",4125,Riehen
Riehen - Grenzacherweg,"Grenzacherweg 81, 4125 Riehen",4125,Riehen
Riehen - Niederholz,"Gotenstrasse 84, 4125 Riehen",4125,Riehen
Rolle,"Av. de la Gare 17, 1180 Rolle",1180,Rolle
Romanel-sur-Lausanne,"En Félezin, 1032 Romanel-s-Lausanne",1032,Romanel-s-Lausanne
Romanshorn,"Mittlere Gasse 5, 8590 Romanshorn",8590,Romanshorn
Romanshorn - Hubzelg,"Bahnhofstrasse 54a, 8590 Romanshorn",8590,Romanshorn
Romont,"Avenue de la Gare 7, 1680 Romont",1680,Romont
Root,"Bahnhofstrasse 11b, 6037 Root",6037,Root
Rorschach - Promenade,"Promenadenstrasse 83, 9400 Rorschach",9400,Rorschach
Rorschach - Trischliplatz,"Trischlistrasse 15, 9400 Rorschach",9400,Rorschach
Rossfeld Sierre,"Rte des Lacustres, 3960 Sierre",3960,Sierre
Rothrist,"Neue Aarburgstrasse 20, 4852 Rothrist",4852,Rothrist
Rotkreuz,"Buonaserstrasse 1, 6343 Rotkreuz",6343,Rotkreuz
Ruopigen Zentrum Luzern,"Ruopigenplatz, 6015 Luzern",6015,Luzern
Ruswil,"Rüediswilerstrasse 79, 6017 Ruswil",6017,Ruswil
Réchy,"Place Pranniviers 8, 3966 Réchy",3966,Réchy
Rümlang,"Riedmattstrasse 8, 8153 Rümlang",8153,Rümlang
Rümlang Hofwisencenter,"Hofwisenstrasse 40A, 8153 Rümlang",8153,Rümlang
Rüschlikon Parkside,"Zürcherstrasse 4, 8803 Rüschlikon",8803,Rüschlikon
Rüti ZH,"Bandwiesstrasse 6, 8630 Rüti",8630,Rüti
Rüti ZH Fachmarkt,"Werkstrasse 43, 8630 Rüti ZH",8630,Rüti ZH
SOCAR Frauenfeld,"Schaffhauserstrasse 6, 8500 Frauenfeld",8500,Frauenfeld
SOCAR Kölliken Nord A1,"Autobahnraststätte Kölliken Nord A1, 5742 Kölliken",5742,Kölliken
SOCAR Quartino,"Via Monte Ceneri 1, 6572 Quartino",6572,Quartino
SOCAR Wohlen,"Frohburgstrasse, 5610 Wohlen",5610,Wohlen
Saas Fee,"Hôtel du Glacier, 3906 Saas Fee",3906,Saas Fee
Saignelégier,"Rue de la Gruère 23, 2350 Saignelégier",2350,Saignelégier
Sainte-Croix,"Rue de l'Industrie 21, 1450 Ste-Croix",1450,Ste-Croix
Samedan,"Cho d`Punt 10, 7503 Samedan",7503,Samedan
San Bernardino,"Strada del Passo, 6565 S. Bernardino",6565,S. Bernardino
Sant' Antonino,"Via Serrai 7, 6592 S. Antonino",6592,S. Antonino
Sargans,"Bahnhofpark 1, 7320 Sargans",7320,Sargans
Sarnen - Sarnen-Center,"Nelkenstrasse 5, 6060 Sarnen",6060,Sarnen
Savièse,"Centre Commercial du Stade, 1965 Savièse",1965,Savièse
Saxon,"Rue de Gottefrey 38, 1907 Saxon",1907,Saxon
Schaan,"Im Rösle 2, 9494 Schaan",9494,Schaan
Schaffhausen,"Schwertstrasse 4, 8200 Schaffhausen",8200,Schaffhausen
Schaffhausen - Breite,"Hohlenbaumstrasse 79, 8200 Schaffhausen",8200,Schaffhausen
Schaffhausen - Buchthalen,"Dürstlingweg 2, 8203 Schaffhausen",8203,Schaffhausen
Schaffhausen - Grubenstrasse,"Grubenstrasse 80, 8200 Schaffhausen",8200,Schaffhausen
Schaffhausen - Herblinger Markt,"Stüdliackerstrasse 4, 8207 Schaffhausen",8207,Schaffhausen
Schaffhausen - Vorstadt,"Bahnhofstrasse 56/58, 8200 Schaffhausen",8200,Schaffhausen
Schindellegi,"Pfäffikonerstrasse 19, 8834 Schindellegi",8834,Schindellegi
Schlieren,"Güterstrasse 3, 8952 Schlieren",8952,Schlieren
Schlieren - Kesslerplatz,"Badenerstrasse 57, 8952 Schlieren",8952,Schlieren
Schlieren - Rietbach,"Rietbachstrasse 14, 8952 Schlieren",8952,Schlieren
Schlieren - Zentrum,"Güterstrasse 5, 8952 Schlieren",8952,Schlieren
Schmerikon - Bahnhofstrasse,"Bahnhofstrasse 2, 8716 Schmerikon",8716,Schmerikon
Schmerikon - St.Gallerstrasse,"St. Gallerstrasse 75a, 8716 Schmerikon",8716,Schmerikon
Schoenberg,"Chemin Cité-des-Jardins 13A, 1700 Fribourg",1700,Fribourg
Schwarzenburg,"Freiburgstrasse 5b, 3150 Schwarzenburg",3150,Schwarzenburg
Schwerzenbach,"Bahnstrasse 7a, 8603 Schwerzenbach",8603,Schwerzenbach
Schöftland,"Picardiestrasse 3, 5040 Schöftland",5040,Schöftland
Schönbühl - Moosbühl,"Gewerbestrasse 11, 3302 Moosseedorf",3302,Moosseedorf
Schönbühl - Shoppyland,"Industriestrasse 10, 3321 Schönbühl",3321,Schönbühl
Schönenwerd,"C.F. Ballystrasse 14, 5012 Schönenwerd",5012,Schönenwerd
Schönthal,"Hammerstrasse 5, 4414 Füllinsdorf",4414,Füllinsdorf
Schüpfheim,"Vormüli 1, 6170 Schüpfheim",6170,Schüpfheim
Sembrancher,"Rue de la Chapalette 1, 1933 Sembrancher",1933,Sembrancher
Sempach Station,"Mettenwilstrasse 11, 6203 Sempach Station",6203,Sempach Station
Seon,"Unterdorfstrasse 21, 5703 Seon",5703,Seon
Servette,"Rue de la Servette 93, 1202 Genève",1202,Genève
Seuzach,"Winterthurerstrasse 5, 8472 Seuzach",8472,Seuzach
Shell Illnau-Effretikon,"Kempttalstrasse 43, 8308 Illnau",8308,Illnau
Siebnen,"Glarnerstrasse 77, 8854 Siebnen",8854,Siebnen
Sierre,"Avenue Général Guisan, 3960 Sierre",3960,Sierre
Sihlbrugg AMAG,"Zugerstrasse 2, 6340 Sihlbrugg",6340,Sihlbrugg
Sins,"Eichfeld 1, 5643 Sins",5643,Sins
Sion,"Route de Lausanne 100, 1950 Sion",1950,Sion
Sion - Le Ritz,"Avenue Ritz 31, 1950 Sion",1950,Sion
Sion - Métropole,"Avenue de France 14-20, 1950 Sion",1950,Sion
Sion - Tourbillon Center,"Avenue Grand-Champsec 30, 1950 Sion",1950,Sion
Sirnach,"Winterthurerstrasse 27, 8370 Sirnach",8370,Sirnach
Sissach,"Hauptstrasse 17, 4450 Sissach",4450,Sissach
Socar Pizzamiglio,"Via del Breggia 9, 6833 Vacallo",6833,Vacallo
Solduno,"Via A. Franzoni 43, 6604 Locarno",6604,Locarno
Solothurn,"Wengistrasse 13, 4500 Solothurn",4500,Solothurn
Solothurn Baselstrasse,"Baselstrasse 30/32, 4500 Solothurn",4500,Solothurn
Solothurn Öufi,"Bielstrasse 80, 4500 Solothurn",4500,Solothurn
Spiez - Terminus,"Bahnhofstrasse, 3700 Spiez",3700,Spiez
Spreitenbach - Tivoli,"Shoppi Tivoli, 8957 Spreitenbach",8957,Spreitenbach
St-Imier,"Rue Baptiste-Savoye 62, 2610 St-Imier",2610,St-Imier
St-Maurice,"Av. du Simplon 15, 1890 St-Maurice",1890,St-Maurice
St. Gallen - Bruggen,"Fürstenlandstrasse 157, 9014 St.Gallen",9014,St.Gallen
St. Gallen - Lachen,"Ulmenstrasse 11, 9000 St.Gallen",9000,St.Gallen
St. Gallen - Langgasse,"Langgasse 20, 9008 St. Gallen",9008,St. Gallen
St. Gallen - Neudorf,"Rorschacherstrasse 249, 9016 St. Gallen",9016,St. Gallen
St. Gallen - Neumarkt,"St. Leonhardstrasse 35, 9000 St.Gallen",9000,St.Gallen
St. Gallen - Silberturm,"Rorschacherstrasse 150, 9006 St. Gallen",9006,St. Gallen
St. Gallen - Spisermarkt,"Brühlgasse 28, 9000 St.Gallen",9000,St.Gallen
St. Gallen - St. Fiden,"Bachstrasse 29, 9008 St. Gallen",9008,St. Gallen
St. Gallen - Zürcherstr. 205,"Zürcherstrasse 205, 9014 St. Gallen",9014,St. Gallen
St. Gallen - Zürcherstrasse 114,"Zürcherstrasse 114, 9000 St. Gallen",9000,St. Gallen
St. Gallen Bahnhof,"Bahnhofplatz 2, 9000 St. Gallen",9000,St. Gallen
St. Gallen OBI / Micasa,"Gaiserwaldstrasse 3, 9015 St. Gallen",9015,St. Gallen
St. Katharina Nord,"Autobahn A 14 Nord, 6034 Inwil",6034,Inwil
St. Katharina Süd,"Autobahn A14 Süd, 6034 Inwil",6034,Inwil
St. Margrethen - Grenzstrasse,"Grenzstrasse 31, 9430 St. Margrethen SG",9430,St. Margrethen SG
St. Margrethen - Rheinpark,"Neudorfstrasse 60, 9430 St.Margrethen",9430,St.Margrethen
St. Moritz,"Plazza da la Staziun, 7500 St. Moritz",7500,St. Moritz
St. Niklaus,"Eyastrasse 1, 3924 St. Niklaus VS",3924,St. Niklaus VS
Staad,"Hauptstrasse 25, 9422 Staad SG",9422,Staad SG
Stabio Gaggiolo,"Via Gaggiolo, 6855 Stabio",6855,Stabio
Stabio-Gaggiolo 1,"Via Gaggiolo 45, 6855 Stabio",6855,Stabio
Stabio-Paese,"Via Gaggiolo 33, 6855 Stabio",6855,Stabio
Stalden,"Zum Marktplatz, 3922 Stalden VS",3922,Stalden VS
Stans,"Rotzlochstrasse 1, 6370 Stans",6370,Stans
Stans - Länderpark,"Bitzistrasse 2, 6370 Stans",6370,Stans
Ste-Thérèse,"Route de Sainte-Thérèse 2a, 1700 Fribourg",1700,Fribourg
Steckborn,"Im Feldbach 1b, 8266 Steckborn",8266,Steckborn
Steffisburg,"Bernstrasse 39, 3613 Steffisburg",3613,Steffisburg
Steffisburg Unterdorf,"Unterdorfstrasse 10, 3612 Steffisburg",3612,Steffisburg
Steg,"Bahnhofstrasse, 3940 Steg",3940,Steg
Stein,"Schaffhauserstrasse 61, 4332 Stein AG",4332,Stein AG
Stein am Rhein,"Kaltenbacherstrasse 41, 8260 Stein am Rhein",8260,Stein am Rhein
Steinhausen - Zugerland,"Hinterbergstrasse 40, 6312 Steinhausen",6312,Steinhausen
Steinhausen Dorf,"Bahnhofstrasse 2, 6312 Steinhausen",6312,Steinhausen
Stäfa,"Goethestrasse 18, 8712 Stäfa",8712,Stäfa
Sugiez,"Route du Péage 31a, 1786 Sugiez",1786,Sugiez
Suhr,"Bahnhofstrasse 1, 5034 Suhr",5034,Suhr
Suhr Outlet,"Hintere Bahnhofstrasse 3, 5034 Suhr",5034,Suhr
Suhr Suhrepark,"Bernstrasse Ost 52, 5034 Suhr",5034,Suhr
Sulgen,"Kradolfstrasse 54a, 8583 Sulgen",8583,Sulgen
Sulgen - Passerelle,"Hauptstrasse 3, 8583 Sulgen",8583,Sulgen
Sursee,"Zeughausstrasse 38, 6210 Sursee",6210,Sursee
Surseepark,"Bahnhofstrasse 28, 6210 Sursee",6210,Sursee
Surseepark Fachmarkt,"Bahnhofstrasse 30, 6210 Sursee",6210,Sursee
Susten,"Sustenstrasse 5, 3952 Susten",3952,Susten
Taesch,"Neue Kantonstrasse, 3929 Täsch",3929,Täsch
Tavannes,"Rue de Pierre-Pertuis 11, 2710 Tavannes",2710,Tavannes
Taverne,"Via Cantonale, 6807 Taverne",6807,Taverne
Tenero,"Via al Giardino 4, 6598 Tenero",6598,Tenero
Tesserete,"Via Luigi Canonica 40, 6950 Tesserete",6950,Tesserete
Teufen,"Speicherstrasse 8, 9053 Teufen AR",9053,Teufen AR
Thal,"Wiesentalstrasse 4, 9425 Thal",9425,Thal
Thalwil,"Alte Landstrasse 130, 8800 Thalwil",8800,Thalwil
Thayngen,"Biberstrasse 30, 8240 Thayngen",8240,Thayngen
Therwil,"Reinacherstrasse 49A, 4106 Therwil",4106,Therwil
Thierrens,"Rue du Collège 6, 1410 Thierrens",1410,Thierrens
Thoiry (F),"CC Val Thoiry, 01710 Thoiry",01710,Thoiry
Thun,"Frutigenstrasse 18, 3600 Thun",3600,Thun
Thun - Bälliz,"Bälliz 2, 3600 Thun",3600,Thun
Thun - Dürrenast,"Frutigenstrasse 60, 3604 Thun",3604,Thun
Thun - Oberland,"Talackerstrasse 62, 3604 Thun",3604,Thun
Thun - Panorama Center,"Weststrasse 14, 3604 Thun",3604,Thun
Thun - Weststrasse,"Weststrasse 10, 3600 Thun",3600,Thun
Thusis - im Park,"Im Park, 7430 Thusis",7430,Thusis
Thônex,"Rue de Genève 92, 1226 Thônex",1226,Thônex
Tramelan,"Rue Albert-Gobat 1, 2720 Tramelan",2720,Tramelan
Triesen,"Landstrasse 251, 9495 Triesen",9495,Triesen
Trübbach,"Staatsstrasse 10, 9477 Trübbach",9477,Trübbach
Turbenthal,"Tösstalstrasse 54, 8488 Turbenthal",8488,Turbenthal
Tägerwilen,"Hauptstrasse 117, 8274 Tägerwilen",8274,Tägerwilen
Uetendorf,"Dorfstrasse 21, 3661 Uetendorf",3661,Uetendorf
Uitikon-Waldegg,"Zürcherstrasse 8, 8142 Uitikon Waldegg",8142,Uitikon Waldegg
Unterentfelden,"Binzmattweg 8, 5035 Unterentfelden",5035,Unterentfelden
Untersiggenthal,"Mardeläckerstrasse 1c, 5417 Untersiggenthal",5417,Untersiggenthal
Unterwetzikon,"Hofstrasse 47, 8620 Wetzikon ZH",8620,Wetzikon ZH
Unterägeri,"Zugerstrasse 32, 6314 Unterägeri",6314,Unterägeri
Urdorf - Spitzacker,"Birmensdorferstrasse 87, 8902 Urdorf",8902,Urdorf
Uster,"Feldhofstrasse 2, 8610 Uster",8610,Uster
Uster - Illuster,"Zürichstrasse 20, 8610 Uster",8610,Uster
Uster-West,"Winterthurerstrasse 18, 8610 Uster",8610,Uster
Utzenstorf,"Hauptstrasse 29, 3427 Utzenstorf",3427,Utzenstorf
Uznach - Frohsinn,"Zürcherstrasse 25, 8730 Uznach",8730,Uznach
Uzwil - Birkenhof,"Lindenstrasse 5, 9240 Uzwil",9240,Uzwil
VOI Aarau-Buchserstrasse,"Buchserstrasse 71, 5000 Aarau",5000,Aarau
VOI Aarburg,"Bahnhofstrasse 59, 4663 Aarburg",4663,Aarburg
VOI Aarwangen,"Langenthalstrasse 44, 4912 Aarwangen",4912,Aarwangen
VOI Alpnach,"Brünigstrasse 29, 6055 Alpnach Dorf",6055,Alpnach Dorf
VOI Baden - Mellingerstrasse,"Mellingerstrasse 142, 5400 Baden",5400,Baden
VOI Bellevue,"Chemin des Romelles 17, 1293 Bellevue",1293,Bellevue
VOI Bern - Fellergut,"Mühledorfstrasse 15, 3018 Bern",3018,Bern
VOI Bern - Fischermätteli,"Könizstrasse 60, 3008 Bern",3008,Bern
VOI Bern - Kramgasse,"Kramgasse 54, 3011 Bern",3011,Bern
VOI Bern - Schosshalde,"Schossshaldenstrasse 16, 3006 Bern",3006,Bern
VOI Bern - Spiegel,"Chasseralstrasse 156, 3095 Bern",3095,Bern
VOI Bern - Viktoriastrasse,"Viktoriastrasse 49, 3013 Bern",3013,Bern
VOI Bern Warmbächli,"Holligerplatz 1, 3008 Bern",3008,Bern
VOI Beromünster,"Aargauerstrasse 16, 6215 Beromünster",6215,Beromünster
VOI Bettlach,"Dorfstrasse 12, 2544 Bettlach",2544,Bettlach
VOI Biel - Jardin du Paradis,"Jakob-Stämpflistrasse 112, 2502 Biel/Bienne",2502,Biel/Bienne
VOI Biel - Mett,"Schollstrasse 2, 2504 Biel/Bienne",2504,Biel/Bienne
VOI Boll,"Kernstrasse 9, 3067 Boll",3067,Boll
VOI Bonstetten,"Schachenstrasse 115, 8906 Bonstetten",8906,Bonstetten
VOI Brügg,"Hauptstrasse 17, 2555 Brügg BE",2555,Brügg BE
VOI Buchs ZH,"Meierwiesenstrasse 20, 8107 Buchs",8107,Buchs
VOI Büron,"Sagipark 7, 6233 Büron",6233,Büron
VOI Dottikon,"Bahnhofstrasse 6, 5605 Dottikon",5605,Dottikon
VOI Dulliken,"Grundstrasse 1, 4657 Dulliken",4657,Dulliken
VOI Egerkingen,"Oltnerstrasse 1, 4622 Egerkingen",4622,Egerkingen
VOI Genève-Cirque,"Place du Cirque 2, 1204 Genève",1204,Genève
VOI Geroldswil,"Huebwiesenstrasse 26b, 8954 Geroldswil",8954,Geroldswil
VOI Gland,"Rue du Borgeaud 10d, 1196 Gland",1196,Gland
VOI Grindelwald,"Dorfstrasse 155, 3818 Grindelwald",3818,Grindelwald
VOI Horgen,"Seestrasse 288, 8810 Horgen",8810,Horgen
VOI Ins,"Moosgasse 7, 3232 Ins",3232,Ins
VOI Jegenstorf,"Solothurnstrasse 24, 3303 Jegenstorf",3303,Jegenstorf
VOI Kappel,"Mittelgäustrasse 22, 4616 Kappel SO",4616,Kappel SO
VOI Kilchberg,"Bahnhofstrasse 3, 8802 Kilchberg ZH",8802,Kilchberg ZH
VOI Köniz-Neuhausplatz,"Könizstrasse 251, 3097 Liebefeld",3097,Liebefeld
VOI Lengnau,"Bielstrasse 35, 2543 Lengnau BE",2543,Lengnau BE
VOI Lenzburg,"Augustin Keller-Strasse 19, 5600 Lenzburg",5600,Lenzburg
VOI Lugano-Roncaccio,"Sorengo 25, 6903 Lugano",6903,Lugano
VOI Luzern Wesemlin,"Abendweg 46, 6006 Luzern",6006,Luzern
VOI Meyrin - Les Vergers,"3, place de la Diversité, 1217 Meyrin",,
VOI Niederbipp,"Wydenstrasse 9, 4704 Niederbipp",4704,Niederbipp
VOI Niedergösgen,"Aarestrasse 49, 5013 Niedergösgen",5013,Niedergösgen
VOI Niederlenz,"Lenzburgerstrasse 2, 5702 Niederlenz",5702,Niederlenz
VOI Niederrohrdorf,"Moosstrasse 2, 5443 Niederrohrdorf",5443,Niederrohrdorf
VOI Obfelden,"Dorfstrasse, 8912 Obfelden",8912,Obfelden
VOI Raron,"Brückenmoosstrasse 21, 3942 Raron",3942,Raron
VOI Roggwil,"Dorfstrasse 19, 4914 Roggwil",4914,Roggwil
VOI Rombach,"Bibersteinstrasse 4, 5022 Rombach",5022,Rombach
VOI Rümlang,"Lindenstrasse 16, 8153 Rümlang",8153,Rümlang
VOI Safenwil,"Güterstrasse 1A, 5745 Safenwil",5745,Safenwil
VOI Schafisheim,"Seetalstrasse 117, 5503 Schafisheim",5503,Schafisheim
VOI Schwerzenbach,"Bahnstrasse 14, 8603 Schwerzenbach",8603,Schwerzenbach
VOI Seengen,"Unterdorfstrasse 7a, 5707 Seengen",5707,Seengen
VOI Sementina,"Via al Ticino 28, 6514 Sementina",6514,Sementina
VOI Sempach Stadt,"Oberstadt 6, 6204 Sempach Stadt",6204,Sempach Stadt
VOI Siebnen,"Glarnerstrasse 36, 8854 Siebnen",8854,Siebnen
VOI Stans,"Marktgasse 2, 6370 Stans",6370,Stans
VOI Steffisburg,"Bahnhofstrasse 87, 3613 Steffisburg",3613,Steffisburg
VOI Stettlen,"Bernstrasse 57, 3066 Stettlen",3066,Stettlen
VOI Strengelbach,"Langenthalerstrasse 1, 4802 Strengelbach",4802,Strengelbach
VOI Studen,"Hauptstrasse 65, 2557 Studen",2557,Studen
VOI Sumiswald,"Spitalstrasse 10, 3454 Sumiswald",3454,Sumiswald
VOI Thun Bahnhof,"Panoramastrasse 1a, 3600 Thun",3600,Thun
VOI Trimbach,"Chäppeligasse 5, 4632 Trimbach",4632,Trimbach
VOI Unterkulm,"Böhlerstrasse 2, 5726 Unterkulm",5726,Unterkulm
VOI Viganello,"alla Chiesa 2, 6962 Viganello",6962,Viganello
VOI Wabern,"Seftigenstrasse 259, 3084 Wabern",3084,Wabern
VOI Wallisellen,"Schäfligrabenstrasse 45, 8304 Wallisellen",8304,Wallisellen
VOI Wangen a. Aare,"Vorstadt 14, 3380 Wangen an der Aare",3380,Wangen an der Aare
VOI Wichtrach,"Dorfplatz 1, 3114 Wichtrach",3114,Wichtrach
VOI Wilderswil,"Hauptstrasse 27, 3812 Wilderswil",3812,Wilderswil
VOI Zollbrück,"Langnaustr. 16, 3436 Zollbrück",3436,Zollbrück
VOI Zürich - Grünau,"Grünauring 37, 8064 Zürich",8064,Zürich
VOI Zürich - Hönggerstrasse,"Hönggerstrasse 117, 8037 Zürich",8037,Zürich
VOI Zürich - In der Ey,"Letzigraben 239, 8047 Zürich",8047,Zürich
VOI Zürich - Leimbach,"Ankenweid 10, 8041 Zürich",8041,Zürich
VOI Zürich - Paradies,"Paradiesstrasse 3, 8038 Zürich",8038,Zürich
Vallorbe,"Grand-Rue 23, 1337 Vallorbe",1337,Vallorbe
Verbano,"Via Rinaldo Simen 46, 6648 Minusio",6648,Minusio
Verbier,"Les Arcades, 1936 Verbier",1936,Verbier
Vernier,"Route du Nant d’Avril 71, 1214 Vernier",1214,Vernier
Vernier - Arcenter,"Route de Peney 2-4, 1214 Vernier",1214,Vernier
Vernier Outlet,"Route de Vernier 184, 1214 Vernier",1214,Vernier
Versoix,"Chemin Jean-Baptiste Vandelle 1, 1290 Versoix",1290,Versoix
Vevey - Midi Coindet,"Av. Gustave Coindet 11, 1800 Vevey",1800,Vevey
Vevey Des 2 Gares,"Rue des Moulins 5 b, 1800 Vevey",1800,Vevey
Vezia,"Via S. Gottardo 5b, 6943 Vezia",6943,Vezia
Villars-Ste-Croix,"Rue de Cossonay 3, 1029 Villars-Ste-Croix",1029,Villars-Ste-Croix
Villars-sur-Glâne,"rte de Moncor 8, 1752 Villars-sur-Glâne",1752,Villars-sur-Glâne
Villmergen,"Schulhausstrasse 2, 5612 Villmergen",5612,Villmergen
Vionnaz,"Route du Léman 33, 1895 Vionnaz",1895,Vionnaz
Visp,"Brückenweg 10, 3930 Visp",3930,Visp
Volketswil,"Im Zentrum 18, 8604 Volketswil",8604,Volketswil
Volketswil Fachmärkte,"Industriestrasse 20, 8604 Volketswil",8604,Volketswil
Vétroz,"Rue de la Lizerne 7, 1963 Vétroz",1963,Vétroz
Wabern - Chly Wabere,"Seftigenstrasse 368, 3084 Wabern",3084,Wabern
Wald,"Rütistrasse 29, 8636 Wald ZH",8636,Wald ZH
Wald ZH,"Bahnhofstrasse 20, 8636 Wald",8636,Wald
Walenstadt,"Bahnhofstrasse 27, 8880 Walenstadt",8880,Walenstadt
Wallisellen,"Bahnhofstrasse 30, 8304 Wallisellen",8304,Wallisellen
Wallisellen - Glattzentrum,"Neue Winterthurerstrasse 99, 8304 Wallisellen",8304,Wallisellen
Wallisellen - Husacherstr.,"Husacherstrasse 2, 8304 Wallisellen",8304,Wallisellen
Wattwil,"Bahnhofstrasse 19, 9630 Wattwil",9630,Wattwil
Weggis,"Luzernerstrasse 44, 6353 Weggis",6353,Weggis
Weinbergli Luzern,"Tribschenstrasse 62, 6005 Luzern",6005,Luzern
Weinfelden,"Dufourstrasse 14, 8570 Weinfelden",8570,Weinfelden
Weinfelden - Rösslifelsen,"Amriswilerstrasse 12, 8570 Weinfelden",8570,Weinfelden
Weinfelden Weststrasse,"Weststrasse 27/29, 8570 Weinfelden",8570,Weinfelden
Wettingen,"Güterstrasse 8, 5430 Wettingen",5430,Wettingen
Wettingen - Landstrasse,"Landstrasse 69, 5430 Wettingen",5430,Wettingen
Wetzikon - Züri-Oberland-Märt,"Bahnhofstrasse 151, 8620 Wetzikon",8620,Wetzikon
Wetzikon-Kempten,"Mühlenbühlstrasse 3, 8623 Wetzikon ZH",8623,Wetzikon ZH
Widnau - Rhydorf-Center,"Bahnhofstrasse 2, 9443 Widnau",9443,Widnau
Wiesendangen,"Alte Frauenfelderstrasse 9, 8542 Wiesendangen",8542,Wiesendangen
Wil - Toggenburgerstr.,"Toggenburgerstrasse 129, 9500 Wil SG",9500,Wil SG
Wil - Zürcherstrasse,"Zürcherstrasse 7, 9500 Wil SG",9500,Wil SG
Wil Larag,"Churfirstenstrasse 54, 9500 Wil",9500,Wil
Wil SG,"Obere Bahnhofstrasse 5, 9500 Wil",9500,Wil
Wildegg,"Bruggerstrasse 11 c, 5103 Wildegg",5103,Wildegg
Wilderswil,"Gsteigstrasse 6, 3812 Wilderswil",3812,Wilderswil
Willisau - Chrüzhof,"Ettiswilerstrasse 14, 6130 Willisau",6130,Willisau
Windisch,"Bachmattstrasse 35, 5210 Windisch",5210,Windisch
Winterthur,"Wülflingerstrasse 393, 8408 Winterthur",8408,Winterthur
Winterthur - Blumenau,"Wülflingerstrasse 71, 8400 Winterthur",8400,Winterthur
Winterthur - Deutweg,"Pflanzschulstrasse 9, 8400 Winterthur",8400,Winterthur
Winterthur - Grüzepark I,"Industriestrasse 44, 8404 Winterthur",8404,Winterthur
Winterthur - Grüzepark II,"Industriestrasse 43, 8404 Winterthur",8404,Winterthur
Winterthur - Hegi,"Hintermühlenstrasse 4, 8409 Winterthur",8409,Winterthur
Winterthur - Neuwiesen,"Strickerstrasse 3, 8400 Winterthur",8400,Winterthur
Winterthur - Obertor,"Stadthausstrasse 31, 8400 Winterthur",8400,Winterthur
Winterthur - Oberwinterthur,"Guggenbühlstrasse 1, 8404 Winterthur",8404,Winterthur
Winterthur - Rosenberg,"Schaffhauserstrasse 154, 8400 Winterthur",8400,Winterthur
Winterthur - Seen,"Hinterdorfstrasse 40, 8405 Winterthur",8405,Winterthur
Winterthur - Töss,"Zürcherstrasse 102, 8406 Winterthur",8406,Winterthur
Winterthur - Wülflingen,"Lindenplatz 1, 8408 Winterthur",8408,Winterthur
Winterthur - Zürcherstrasse 48,"Zürcherstrasse 48, 8406 Winterthur",8406,Winterthur
Winterthur Bahnhof,"Bahnhofplatz 15/17, 8400 Winterthur",8400,Winterthur
Winterthur In der Au,"In der Au 2, 8406 Winterthur",8406,Winterthur
Winterthur-Marktgasse,"Marktgasse 7, 8400 Winterthur",8400,Winterthur
Winterthur-Seen,"Tösstalstrasse 205, 8405 Winterthur",8405,Winterthur
Wittenbach,"Oedenhof 1c, 9300 Wittenbach",9300,Wittenbach
Wohlen,"Bahnhofstrasse 7, 5610 Wohlen AG",5610,Wohlen AG
Wolhusen - Dorfmärt,"Entlebucherstr. 36, 6110 Wolhusen",6110,Wolhusen
Wollerau Märt Roospark,"Roosstrasse 23, 8832 Wollerau",8832,Wollerau
Worb,"Richigenstrasse 1, 3076 Worb",3076,Worb
Wylpark Hergiswil,"Seestrasse 43, 6052 Hergiswil NW",6052,Hergiswil NW
Wädenswil,"Oberdorfstrasse 27-31, 8820 Wädenswil",8820,Wädenswil
Wädenswil - Seestrasse,"Seestrasse 198, 8820 Wädenswil",8820,Wädenswil
Wädenswil Zürisee Center,"Rütistrasse 1, 8820 Wädenswil",8820,Wädenswil
Würenlos,"Autobahntankstelle A1 / Wald, 5436 Würenlos",5436,Würenlos
Yverdon,"route de Lausanne 20, 1400 Yverdon-les-Bains",1400,Yverdon-les-Bains
Yverdon - Métropole,"Rue de Neuchâtel 3, 1400 Yverdon-les-Bains",1400,Yverdon-les-Bains
Yverdon Sud,"Rue de Lausanne 10, 1400 Yverdon-les-Bains",1400,Yverdon-les-Bains
Yvonand,"Rue des Vergers, 1462 Yvonand",1462,Yvonand
Zell,"Zelgmatte 2, 6144 Zell LU",6144,Zell LU
Zermatt,"Hofmattstrasse 12, 3920 Zermatt",3920,Zermatt
Zofingen,"Aarburgerstrasse 5, 4800 Zofingen",4800,Zofingen
Zollikofen,"Bernstrasse 103, 3052 Zollikofen",3052,Zollikofen
Zollikon - Dorf,"Rotfluhstrasse 100, 8702 Zollikon",8702,Zollikon
Zollweiden,"Baselstrasse 71, 4142 Münchenstein",4142,Münchenstein
Zuchwil,"Hauptstrasse 60-62, 4528 Zuchwil",4528,Zuchwil
Zug,"Chollerstrasse 1, 6300 Zug",6300,Zug
Zug - Grabenstrasse,"Grabenstrasse 5, 6300 Zug",6300,Zug
Zug - Metalli,"Baarerstrasse 22, 6300 Zug",6300,Zug
Zug Herti,"Hertizentrum 10, 6300 Zug",6300,Zug
Zumikon,"Dorfstrasse 17, 8126 Zumikon",8126,Zumikon
Zuzwil,"Herbergstrasse 17, 9524 Zuzwil",9524,Zuzwil
Zweisimmen,"Thunstrasse 11, 3770 Zweisimmen",3770,Zweisimmen
Zwingen,"Reckholdstrasse 2, 4222 Zwingen",4222,Zwingen
Zürich - Affoltern,"Jonas-Furrer-Strasse 21, 8046 Zürich",8046,Zürich
Zürich - Airport,"Flughafen Zürich AG, 8302 Kloten",8302,Kloten
Zürich - Albisriederplatz,"Badenerstrasse 376, 8004 Zürich",8004,Zürich
Zürich - Albisriederstrasse,"Albisriederstrasse 253, 8047 Zürich",8047,Zürich
Zürich - Altstetten M-Express,"Hohlstrasse 600, 8048 Zürich",8048,Zürich
Zürich - Altstetten Neumarkt,"Altstetterstrasse 145, 8048 Zürich",8048,Zürich
Zürich - Bahnhof Enge,"Tessinerplatz 10, 8002 Zürich",8002,Zürich
Zürich - Birmensdorferstr.,"Birmensdorferstrasse 517, 8055 Zürich",8055,Zürich
Zürich - Blumen Bellaria,"Mutschellenstrasse 137, 8038 Zürich",8038,Zürich
Zürich - Brunaupark,"Giesshübelstrasse 65, 8045 Zürich",8045,Zürich
Zürich - Burgwies,"Forchstrasse 260, 8008 Zürich",8008,Zürich
Zürich - City,"Löwenstrasse 31-35, 8001 Zürich",8001,Zürich
Zürich - Farbhof,"Karstlernstrasse 2, 8048 Zürich",8048,Zürich
Zürich - Flurstr.,"Rautistrasse 32, 8047 Zürich",8047,Zürich
Zürich - Furttal,"Wehntalerstrasse 586c, 8046 Zürich",8046,Zürich
Zürich - HB Sihlquai,"Sihlpassage, 8004 Zürich",8004,Zürich
Zürich - Hardau,"Bullingerstrasse 73, 8004 Zürich",8004,Zürich
Zürich - Hauptbahnhof,"Hauptbahnhof, 8001 Zürich",8001,Zürich
Zürich - Herdern,"Pfingstweidstrasse 101, 8005 Zürich",8005,Zürich
Zürich - Hohlstrasse,"Hohlstrasse 544, 8048 Zürich",8048,Zürich
Zürich - Hornegg,"Horneggstrasse 3, 8008 Zürich",8008,Zürich
Zürich - Höngg,"Regensdorferstrasse 20, 8049 Zürich",8049,Zürich
Zürich - Höschgasse,"Seefeldstrasse 111-113, 8008 Zürich",8008,Zürich
Zürich - Kreuzplatz,"Kreuzplatz 20, 8008 Zürich",8008,Zürich
Zürich - Lagerstrasse,"Lagerstrasse 101, 8004 Zürich",8004,Zürich
Zürich - Leimbach Sihlbogen,"Leimbachstrasse 23, 8041 Zürich",8041,Zürich
Zürich - Limmatplatz,"Limmatstrasse 152, 8005 Zürich",8005,Zürich
Zürich - Manegg,"Allmendstrasse 121, 8041 Zürich",8041,Zürich
Zürich - Oerlikon Neumarkt,"Hofwiesenstrasse 350-354, 8050 Zürich",8050,Zürich
Zürich - Puls 5 M-Express,"Hardturmstrasse 11, 8005 Zürich",8005,Zürich
Zürich - Pünt,"Albisriederstrasse 365, 8047 Zürich",8047,Zürich
Zürich - Rautistrasse,"Rautistrasse 12, 8047 Zürich",8047,Zürich
Zürich - Rigiplatz,"Winterthurerstrasse 2-4, 8006 Zürich",8006,Zürich
Zürich - Schaffhauserplatz,"Schaffhauserstrasse 75, 8057 Zürich",8057,Zürich
Zürich - Schmiede Wiedikon,"Birmensdorferstrasse 140, 8003 Zürich",8003,Zürich
Zürich - Schwamendingen,"Winterthurerstrasse 524, 8051 Zürich",8051,Zürich
Zürich - Seebach,"Schaffhauserstrasse 470, 8052 Zürich",8052,Zürich
Zürich - ShopVilleMärt,"Shop Ville, 8001 Zürich",8001,Zürich
Zürich - Sihlcity,"Kalanderplatz 1, 8045 Zürich",8045,Zürich
Zürich - Sihlquai,"Sihlquai 155, 8005 Zürich",8005,Zürich
Zürich - Stadelhofen,"Falkenstrasse 19 - 21, 8008 Zürich",8008,Zürich
Zürich - Stockerstrasse M-Express,"Stockerstrasse 47, 8002 Zürich",8002,Zürich
Zürich - Thurgauerstrasse,"Thurgauerstrasse 100, 8052 Zürich",8052,Zürich
Zürich - Toblerplatz,"Toblerstrasse 73, 8044 Zürich",8044,Zürich
Zürich - Triemli,"Birmensdorferstrasse 484, 8055 Zürich",8055,Zürich
Zürich - Waffenplatz,"Waffenplatzstrasse 40, 8002 Zürich",8002,Zürich
Zürich - Wengihof,"Wengistrasse 7, 8004 Zürich",8004,Zürich
Zürich - Wiedikon M-Märt,"Birmensdorferstrasse 320, 8055 Zürich",8055,Zürich
Zürich - Wipkingen,"Scheffelstrasse 3, 8037 Zürich",8037,Zürich
Zürich - Witikon-Zentrum,"Witikonerstrasse 293, 8053 Zürich",8053,Zürich
Zürich - Wollishofen,"Etzelstrasse 3, 8038 Zürich",8038,Zürich
Zürich-Langstrasse Take Away,"Langstrasse 134, 8004 Zürich",8004,Zürich
migrolino Aarau Bahnhof,"Hintere Bahnhofstrasse 48, 5000 Aarau",5000,Aarau
migrolino Bottmingen,"Schlossgasse 10, 4103 Bottmingen",4103,Bottmingen
migrolino Gümligen,"Bahnhofstrasse 21, 3073 Gümligen",3073,Gümligen
migrolino Sierre SBB,"Place de la Gare 10, 3960 Sierre",3960,Sierre
migrolino Zürich Niederdorf,"Niederdorfstrasse 88, 8008 Zürich",8008,Zürich
mio Bironico,"Via Cantonale 6, 6804 Bironico",6804,Bironico
teo Bürglen,"Weinfelderstrasse 33a, 8575 Bürglen",8575,Bürglen
teo Dietlikon,"Brunnenwiesenstrasse 22, 8305 Dietlikon",8305,Dietlikon
teo Kloten,"Lindenstrasse 18, 8302 Kloten",8302,Kloten
teo Lokstadt,"Dialogplatz 10, 8400 Winterthur",8400,Winterthur
teo Neuhegi,"Sulzerallee 54, 8404 Winterthur",8404,Winterthur
teo Ohringen,"Schaffhauserstrasse 77, 8472 Seuzach",8472,Seuzach
teo Riethüsli,"Teufener Strasse 151, 9012 St. Gallen",9012,St. Gallen
teo Scherzingen,"Dorfstrasse 38, 8596 Scherzingen",8596,Scherzingen
